time/fps,time/time_elapsed,time/iterations,time/total_timesteps,train/n_updates,train/value_loss,train/clip_range,train/entropy_loss,train/explained_variance,train/clip_fraction,train/learning_rate,train/approx_kl,train/loss,train/std,train/policy_gradient_loss,rollout/ep_len_mean,episodes/fell,episodes/is_success,rollout/success_rate,rollout/ep_rew_mean,episodes/stand_fraction,episodes/l,episodes/r,episodes/recovered
4176,0,1,1536,,,,,,,,,,,,,,,,,,,,
3813,0,2,3072,5,3.2693896969159444,0.2,8.135341167449951,-0.06946682929992676,0.14544270833333334,1e-05,0.012641281,2.18281626701355,0.1353258341550827,-0.012877996747071544,,,,,,,,,
3640,1,3,4608,10,0.5193262785673142,0.2,8.136023012797038,-6.298440933227539,0.12942708333333333,1e-05,0.013844685,0.2192353904247284,0.1353231519460678,-0.014635312215735516,600.0,0.0,0.0,0.0,1325.964749,0.9347222222222221,600.0,1325.964749,0.0
3655,1,4,6144,15,0.4434691498676936,0.2,8.136085192362467,-4.571331977844238,0.06927083333333334,1e-05,0.009919859,0.18533581495285034,0.13532361388206482,-0.010891254401455323,600.0,0.0,0.0,0.0,1325.964749,0.9347222222222221,600.0,1325.964749,0.0
3652,2,5,7680,20,0.5029162426789602,0.2,8.135870202382405,-8.654611587524414,0.04375,1e-05,0.007261829,0.22637099027633667,0.13532811403274536,-0.007507264598583182,600.0,0.0,0.0,0.0,1324.70369375,0.9320833333333333,600.0,1324.70369375,0.0
3583,2,6,9216,25,0.45444360574086506,0.2,8.135574944814046,-2.4868483543395996,0.09375,1e-05,0.010054801,0.19192005693912506,0.13532772660255432,-0.011617290589492768,600.0,0.0,0.0,0.0,1324.70369375,0.9320833333333333,600.0,1324.70369375,0.0
3478,3,7,10752,30,0.4435532371203105,0.2,8.135899957021078,-8.142658233642578,0.1078125,1e-05,0.01270482,0.16244791448116302,0.1353214979171753,-0.013530816867326696,600.0,0.0,0.0,0.0,1324.70369375,0.9320833333333333,600.0,1324.70369375,0.0
3463,3,8,12288,35,0.4527129997809728,0.2,8.136425240834553,-6.710599899291992,0.07747395833333333,1e-05,0.011156239,0.18532918393611908,0.13531991839408875,-0.009413847466930747,600.0,0.0,0.0,0.0,1323.7531213888888,0.9262037037037038,600.0,1323.7531213888888,0.0
3433,4,9,13824,40,0.4065033882856369,0.2,8.13646421432495,-4.800253391265869,0.09309895833333333,1e-05,0.013478287,0.16363219916820526,0.13531950116157532,-0.011729333153925835,600.0,0.0,0.0,0.0,1323.7531213888888,0.9262037037037038,600.0,1323.7531213888888,0.0
3457,4,10,15360,45,0.4295845071474711,0.2,8.136416880289714,-7.307518005371094,0.06471354166666667,1e-05,0.009399855,0.1901140660047531,0.13532152771949768,-0.008675024099647998,600.0,0.0,0.0,0.0,1323.4801319583332,0.9220833333333333,600.0,1323.4801319583332,0.0
3481,4,11,16896,50,0.3846473346153895,0.2,8.136263338724772,-5.353692531585693,0.09765625,1e-05,0.012098349,0.14299210906028748,0.13532090187072754,-0.01238877847790718,600.0,0.0,0.0,0.0,1323.4801319583332,0.9220833333333333,600.0,1323.4801319583332,0.0
3502,5,12,18432,55,0.3990099569161733,0.2,8.13677848180135,-11.178061485290527,0.09583333333333334,1e-05,0.008447914,0.16474002599716187,0.13531102240085602,-0.01087144521685938,600.0,0.0,0.0,0.0,1323.4375888000002,0.922111111111111,600.0,1323.4375888000002,0.0
3519,5,13,19968,60,0.3770007958014806,0.2,8.137580172220867,-3.866638660430908,0.10520833333333333,1e-05,0.014373407,0.1590692698955536,0.13530854880809784,-0.01219052861755093,600.0,0.0,0.0,0.0,1323.4375888000002,0.922111111111111,600.0,1323.4375888000002,0.0
3508,6,14,21504,65,0.3558541675408681,0.2,8.13770243326823,-6.522428035736084,0.08190104166666666,1e-05,0.009691176,0.13540387153625488,0.13530652225017548,-0.010060741985216736,600.0,0.0,0.0,0.0,1323.4375888000002,0.922111111111111,600.0,1323.4375888000002,0.0
3504,6,15,23040,70,0.33356723686059314,0.2,8.138072141011556,-6.750552177429199,0.1046875,1e-05,0.012564124,0.13019491732120514,0.1353020817041397,-0.011340779345482587,600.0,0.0,0.05555555555555555,0.05555555555555555,1323.6056847222221,0.9227314814814815,600.0,1323.6056847222221,0.0
3502,7,16,24576,75,0.3335140496492386,0.2,8.138468742370605,-4.5736870765686035,0.08255208333333333,1e-05,0.012189888,0.10994456708431244,0.13529835641384125,-0.011604471768562993,600.0,0.0,0.05555555555555555,0.05555555555555555,1323.6056847222221,0.9227314814814815,600.0,1323.6056847222221,0.0
3499,7,17,26112,80,0.306347527106603,0.2,8.13870677947998,-4.954082489013672,0.073828125,1e-05,0.010189899,0.11957383155822754,0.13529863953590393,-0.011210924728463094,600.0,0.0,0.047619047619047616,0.047619047619047616,1323.280278142857,0.9233730158730157,600.0,1323.280278142857,0.0
3497,7,18,27648,85,0.29769651691118876,0.2,8.13866589864095,-4.521090030670166,0.120703125,1e-05,0.011920292,0.11611202359199524,0.13529744744300842,-0.014346219816555579,600.0,0.0,0.047619047619047616,0.047619047619047616,1323.280278142857,0.9233730158730157,600.0,1323.280278142857,0.0
3495,8,19,29184,90,0.27832049975792567,0.2,8.1387469291687,-7.50691032409668,0.1203125,1e-05,0.014619514,0.1121218353509903,0.13529816269874573,-0.012272359104827046,600.0,0.0,0.041666666666666664,0.041666666666666664,1322.7464493541668,0.9220138888888889,600.0,1322.7464493541668,0.0
3498,8,20,30720,95,0.28347926487525305,0.2,8.138649113972981,-4.996334075927734,0.10546875,1e-05,0.013469211,0.12123268842697144,0.13529916107654572,-0.011606026565035184,600.0,0.0,0.041666666666666664,0.041666666666666664,1322.7464493541668,0.9220138888888889,600.0,1322.7464493541668,0.0
3481,9,21,32256,100,0.24382000168164572,0.2,8.13818318049113,-6.897849082946777,0.0953125,1e-05,0.012058319,0.08471553772687912,0.13530847430229187,-0.01052604232293864,600.0,0.0,0.041666666666666664,0.041666666666666664,1322.7464493541668,0.9220138888888889,600.0,1322.7464493541668,0.0
3486,9,22,33792,105,0.24759867737690608,0.2,8.13728437423706,-12.14868450164795,0.10885416666666667,1e-05,0.013452105,0.07429496943950653,0.13531407713890076,-0.012172146001830697,600.0,0.0,0.037037037037037035,0.037037037037037035,1321.618640685185,0.922037037037037,600.0,1321.618640685185,0.0
3494,10,23,35328,110,0.2630015020569166,0.2,8.136898072560628,-4.873920440673828,0.05078125,1e-05,0.00901511,0.10697134584188461,0.13531745970249176,-0.009369825494165223,600.0,0.0,0.037037037037037035,0.037037037037037035,1321.618640685185,0.922037037037037,600.0,1321.618640685185,0.0
3499,10,24,36864,115,0.1996749440828959,0.2,8.136676088968914,-7.244246482849121,0.10703125,1e-05,0.009646405,0.07296343892812729,0.13531789183616638,-0.01365739032626152,600.0,0.0,0.03333333333333333,0.03333333333333333,1320.4222564333331,0.9216666666666667,600.0,1320.4222564333331,0.0
3497,10,25,38400,120,0.22684684693813323,0.2,8.136625607808432,-9.215085983276367,0.08385416666666666,1e-05,0.010967658,0.08103633671998978,0.13531872630119324,-0.010300503888477882,600.0,0.0,0.03333333333333333,0.03333333333333333,1320.4222564333331,0.9216666666666667,600.0,1320.4222564333331,0.0
3502,11,26,39936,125,0.18503225644429525,0.2,8.136650880177816,-4.598527431488037,0.10260416666666666,1e-05,0.009001912,0.06464558094739914,0.13531719148159027,-0.011485599307343363,600.0,0.0,0.045454545454545456,0.045454545454545456,1319.245340348485,0.9212373737373738,600.0,1319.245340348485,0.0
3500,11,27,41472,130,0.23612402429183324,0.2,8.136774826049805,-6.26259708404541,0.10716145833333333,1e-05,0.011926928,0.09786391258239746,0.1353168487548828,-0.011584496203189095,600.0,0.0,0.045454545454545456,0.045454545454545456,1319.245340348485,0.9212373737373738,600.0,1319.245340348485,0.0
3496,12,28,43008,135,0.17335833857456842,0.2,8.13688294092814,-6.257124900817871,0.08841145833333333,1e-05,0.0088031925,0.07784122973680496,0.13531386852264404,-0.011493959743529559,600.0,0.0,0.045454545454545456,0.045454545454545456,1319.245340348485,0.9212373737373738,600.0,1319.245340348485,0.0
3493,12,29,44544,140,0.1654022753238678,0.2,8.137179565429687,-5.997693061828613,0.08372395833333333,1e-05,0.01106241,0.058779917657375336,0.13531173765659332,-0.01147838959780832,600.0,0.0,0.041666666666666664,0.041666666666666664,1317.3870562916666,0.9212037037037037,600.0,1317.3870562916666,0.0
3491,13,30,46080,145,0.21239558309316636,0.2,8.137566916147868,-6.312705993652344,0.08841145833333333,1e-05,0.012734051,0.08169199526309967,0.13530567288398743,-0.009258734326188763,600.0,0.0,0.041666666666666664,0.041666666666666664,1317.3870562916666,0.9212037037037037,600.0,1317.3870562916666,0.0
3499,13,31,47616,150,0.14764682054519654,0.2,8.138272285461426,-7.911730766296387,0.08138020833333333,1e-05,0.00820871,0.05327887088060379,0.1352984458208084,-0.011464335878069202,600.0,0.0,0.05128205128205128,0.05128205128205128,1314.822529397436,0.9210897435897434,600.0,1314.822529397436,0.0
3483,14,32,49152,155,0.21105891664822896,0.2,8.138953018188477,-4.596775531768799,0.122265625,1e-05,0.01089218,0.09442278742790222,0.13529352843761444,-0.013320186578979095,600.0,0.0,0.05128205128205128,0.05128205128205128,1314.822529397436,0.9210897435897434,600.0,1314.822529397436,0.0
3454,14,33,50688,160,0.13536037728190423,0.2,8.139253997802735,-4.451344013214111,0.079296875,1e-05,0.0088613145,0.0645056664943695,0.13529273867607117,-0.009971643386719128,600.0,0.0,0.047619047619047616,0.047619047619047616,1311.478998809524,0.9207738095238097,600.0,1311.478998809524,0.0
3428,15,34,52224,165,0.18495816588401795,0.2,8.139388847351075,-3.7911624908447266,0.113671875,1e-05,0.011784907,0.06673592329025269,0.1352890133857727,-0.011195278563536703,600.0,0.0,0.047619047619047616,0.047619047619047616,1311.478998809524,0.9207738095238097,600.0,1311.478998809524,0.0
3422,15,35,53760,170,0.11995885496338209,0.2,8.1397198677063,-5.025268077850342,0.06744791666666666,1e-05,0.010323809,0.02789117582142353,0.13528871536254883,-0.008998826798051595,600.0,0.0,0.047619047619047616,0.047619047619047616,1311.478998809524,0.9207738095238097,600.0,1311.478998809524,0.0
3414,16,36,55296,175,0.10968631481130918,0.2,8.139678986867269,-5.997002601623535,0.15390625,1e-05,0.01201459,0.01225484162569046,0.13528794050216675,-0.015884490481888256,600.0,0.0,0.044444444444444446,0.044444444444444446,1308.0841016444444,0.9207777777777777,600.0,1308.0841016444444,0.0
3394,16,37,56832,180,0.19826008329788844,0.2,8.139949893951416,-6.827304840087891,0.0703125,1e-05,0.0077401474,0.07263655215501785,0.13528327643871307,-0.00884227016940713,600.0,0.0,0.044444444444444446,0.044444444444444446,1308.0841016444444,0.9207777777777777,600.0,1308.0841016444444,0.0
3337,17,38,58368,185,0.10210492039720218,0.2,8.140493329366048,-6.071268081665039,0.07669270833333333,1e-05,0.00823036,0.036013245582580566,0.13527877628803253,-0.009391620568931103,600.0,0.0,0.041666666666666664,0.041666666666666664,1304.26921040625,0.9209722222222223,600.0,1304.26921040625,0.0
3324,18,39,59904,190,0.18268676673372586,0.2,8.140889898935955,-5.142658233642578,0.12513020833333333,1e-05,0.01275489,0.07696577906608582,0.135274276137352,-0.014547065133228898,600.0,0.0,0.041666666666666664,0.041666666666666664,1304.26921040625,0.9209722222222223,600.0,1304.26921040625,0.0
3304,18,40,61440,195,0.08987440144022306,0.2,8.14146089553833,-7.329809188842773,0.1109375,1e-05,0.010985843,0.020080268383026123,0.1352684646844864,-0.01231540171429515,600.0,0.0,0.04,0.04,1299.89043629,0.9200666666666667,600.0,1299.89043629,0.0
3306,19,41,62976,200,0.1680419325828552,0.2,8.141929690043131,-7.372393608093262,0.09557291666666666,1e-05,0.010500662,0.06307600438594818,0.1352662593126297,-0.012294237649378677,600.0,0.0,0.04,0.04,1299.89043629,0.9200666666666667,600.0,1299.89043629,0.0
3306,19,42,64512,205,0.08983825246493021,0.2,8.14198703765869,-4.81613826751709,0.12161458333333333,1e-05,0.011566713,0.01374252513051033,0.13526710867881775,-0.01417156020179391,600.0,0.0,0.04,0.04,1299.89043629,0.9200666666666667,600.0,1299.89043629,0.0
3308,19,43,66048,210,0.073946513235569,0.2,8.141973876953125,-5.477776527404785,0.11393229166666667,1e-05,0.008510266,0.011274756863713264,0.13526445627212524,-0.011828968736032645,600.0,0.0,0.05,0.05,1294.43997095,0.9187499999999998,600.0,1294.43997095,0.0
3312,20,44,67584,215,0.15719899783531824,0.2,8.142430432637532,-7.4440460205078125,0.113671875,1e-05,0.011529355,0.07206948101520538,0.13525903224945068,-0.011565164988860488,600.0,0.0,0.05,0.05,1294.43997095,0.9187499999999998,600.0,1294.43997095,0.0
3315,20,45,69120,220,0.06817935183644294,0.2,8.143010012308757,-5.350187301635742,0.13528645833333333,1e-05,0.01064691,0.008703421801328659,0.13525457680225372,-0.013718448501701156,600.0,0.0,0.06,0.06,1288.27805753,0.9185333333333334,600.0,1288.27805753,0.0
3314,21,46,70656,225,0.16122837190826733,0.2,8.14337231318156,-5.977413654327393,0.08971354166666666,1e-05,0.009972505,0.07420597225427628,0.13525144755840302,-0.010872519047309955,600.0,0.0,0.06,0.06,1288.27805753,0.9185333333333334,600.0,1288.27805753,0.0
3315,21,47,72192,230,0.06875524843732515,0.2,8.1437331199646,-5.2094526290893555,0.08828125,1e-05,0.00967889,0.00011735036969184875,0.13524723052978516,-0.012168447626754642,600.0,0.0,0.07,0.07,1280.86395367,0.9173,600.0,1280.86395367,0.0
3318,22,48,73728,235,0.1548958346247673,0.2,8.14398905436198,-9.820245742797852,0.08932291666666667,1e-05,0.0085462285,0.061948977410793304,0.13524822890758514,-0.01079615936614573,600.0,0.0,0.07,0.07,1280.86395367,0.9173,600.0,1280.86395367,0.0
3320,22,49,75264,240,0.05674343009789785,0.2,8.143933137257894,-3.178961753845215,0.10807291666666667,1e-05,0.010701538,0.0031466204673051834,0.13524626195430756,-0.012306208598117034,600.0,0.0,0.07,0.07,1280.86395367,0.9173,600.0,1280.86395367,0.0
3322,23,50,76800,245,0.05662847521404425,0.2,8.144195334116619,-3.367138385772705,0.12877604166666667,1e-05,0.010270689,-0.00521031953394413,0.1352439671754837,-0.01297965282574296,600.0,0.0,0.07,0.07,1272.7582961500002,0.9175166666666665,600.0,1272.7582961500002,0.0
3325,23,51,78336,250,0.14313726350665093,0.2,8.144423135121663,-8.383223533630371,0.12708333333333333,1e-05,0.010470402,0.057538602501153946,0.13524186611175537,-0.012469550284246603,600.0,0.0,0.07,0.07,1272.7582961500002,0.9175166666666665,600.0,1272.7582961500002,0.0
3326,24,52,79872,255,0.042760854586958885,0.2,8.144746112823487,-3.5173463821411133,0.0953125,1e-05,0.0069249445,0.010236300528049469,0.13523663580417633,-0.010781820490956306,600.0,0.0,0.06,0.06,1263.2148394699998,0.9166166666666665,600.0,1263.2148394699998,0.0
3325,24,53,81408,260,0.1310236431658268,0.2,8.14540074666341,-9.184253692626953,0.11028645833333334,1e-05,0.01076607,0.055209651589393616,0.13523057103157043,-0.0106155186969166,600.0,0.0,0.06,0.06,1263.2148394699998,0.9166166666666665,600.0,1263.2148394699998,0.0
3324,24,54,82944,265,0.03853786699473858,0.2,8.146064535776775,-4.534452438354492,0.12057291666666667,1e-05,0.008501372,-0.008475756272673607,0.13522252440452576,-0.013295340227584045,600.0,0.0,0.06,0.06,1252.3480501699999,0.9161499999999999,600.0,1252.3480501699999,0.0
3318,25,55,84480,270,0.13106995746493338,0.2,8.146964772542317,-6.4000773429870605,0.13776041666666666,1e-05,0.012412249,0.04537184536457062,0.13521477580070496,-0.012667808852468928,600.0,0.0,0.06,0.06,1252.3480501699999,0.9161499999999999,600.0,1252.3480501699999,0.0
3319,25,56,86016,275,0.04072168370087941,0.2,8.147791798909505,-3.3742294311523438,0.08020833333333334,1e-05,0.0068780966,-0.004288867115974426,0.1352049708366394,-0.011054989447196325,600.0,0.0,0.06,0.06,1252.3480501699999,0.9161499999999999,600.0,1252.3480501699999,0.0
3320,26,57,87552,280,0.03264161845048268,0.2,8.148754787445068,-4.537405967712402,0.11119791666666666,1e-05,0.00872835,0.0026604365557432175,0.13519755005836487,-0.012363222458710273,600.0,0.0,0.07,0.07,1241.0384617299999,0.9157333333333333,600.0,1241.0384617299999,0.0
3323,26,58,89088,285,0.12011679833134016,0.2,8.149453989664714,-7.951759338378906,0.10052083333333334,1e-05,0.00915898,0.03693442419171333,0.1351902037858963,-0.009349583477402727,600.0,0.0,0.07,0.07,1241.0384617299999,0.9157333333333333,600.0,1241.0384617299999,0.0
3323,27,59,90624,290,0.032219826243817806,0.2,8.150095367431641,-3.740790367126465,0.12239583333333333,1e-05,0.0071283258,-0.0010566553100943565,0.13518643379211426,-0.01360420004154245,600.0,0.0,0.08,0.08,1229.0253890699998,0.9159,600.0,1229.0253890699998,0.0
3326,27,60,92160,295,0.11533365175127983,0.2,8.150499757130941,-11.065925598144531,0.11223958333333334,1e-05,0.009355255,0.012043913826346397,0.13518179953098297,-0.011655116143325964,600.0,0.0,0.08,0.08,1229.0253890699998,0.9159,600.0,1229.0253890699998,0.0
3327,28,61,93696,300,0.02884667254984379,0.2,8.1511812210083,-4.347529411315918,0.099609375,1e-05,0.0083973175,-0.0012938883155584335,0.13517259061336517,-0.009696537007888159,600.0,0.0,0.09,0.09,1216.25736561,0.9164833333333333,600.0,1216.25736561,0.0
3329,28,62,95232,305,0.08697303496301174,0.2,8.152082633972167,-2.6149778366088867,0.08072916666666667,1e-05,0.008002519,0.02727409265935421,0.135165736079216,-0.009271570260170846,600.0,0.0,0.09,0.09,1216.25736561,0.9164833333333333,600.0,1216.25736561,0.0
3331,29,63,96768,310,0.0329031715169549,0.2,8.15268316268921,-3.697819232940674,0.14205729166666667,1e-05,0.011915825,-0.003875528462231159,0.1351609230041504,-0.014099498481179277,600.0,0.0,0.09,0.09,1216.25736561,0.9164833333333333,600.0,1216.25736561,0.0
3332,29,64,98304,315,0.03083098605275154,0.2,8.153123601277668,-1.7888617515563965,0.0921875,1e-05,0.009226136,-0.012482844293117523,0.1351562887430191,-0.012751860140512387,600.0,0.0,0.1,0.1,1202.86975755,0.9153999999999999,600.0,1202.86975755,0.0
3326,30,65,99840,320,0.10282806890706221,0.2,8.1537184715271,-7.476276397705078,0.1046875,1e-05,0.012700199,0.03339027613401413,0.13514938950538635,-0.009322509619717796,600.0,0.0,0.1,0.1,1202.86975755,0.9153999999999999,600.0,1202.86975755,0.0
3326,30,66,101376,325,0.021648464103539784,0.2,8.154404163360596,-4.341944217681885,0.134765625,1e-05,0.0109347515,0.009039768949151039,0.13514380156993866,-0.015010880570237835,600.0,0.0,0.1,0.1,1189.08298042,0.9162500000000001,600.0,1189.08298042,0.0
3324,30,67,102912,330,0.09329788933197657,0.2,8.154655774434408,-11.664754867553711,0.098828125,1e-05,0.010051017,0.059662651270627975,0.13514545559883118,-0.012387179707487424,600.0,0.0,0.1,0.1,1189.08298042,0.9162500000000001,600.0,1189.08298042,0.0
3326,31,68,104448,335,0.02593069107582172,0.2,8.154622173309326,-2.554203510284424,0.14296875,1e-05,0.013857715,-0.012041384354233742,0.13514289259910583,-0.01464359041613837,600.0,0.0,0.11,0.11,1174.74902889,0.9142666666666667,600.0,1174.74902889,0.0
3327,31,69,105984,340,0.10139148347079754,0.2,8.154923756917318,-2.5397887229919434,0.11953125,1e-05,0.010084202,0.031924523413181305,0.1351403295993805,-0.015614978907008966,600.0,0.0,0.11,0.11,1174.74902889,0.9142666666666667,600.0,1174.74902889,0.0
3328,32,70,107520,345,0.03736758617063363,0.2,8.155251598358154,-3.1966238021850586,0.1515625,1e-05,0.011308338,-0.005286691710352898,0.13513512909412384,-0.015816840715706347,600.0,0.0,0.11,0.11,1174.74902889,0.9142666666666667,600.0,1174.74902889,0.0
3329,32,71,109056,350,0.02214842146883408,0.2,8.155868498484294,-3.645318031311035,0.12161458333333333,1e-05,0.00945693,-0.010630389675498009,0.13512948155403137,-0.014684159898509581,600.0,0.0,0.11,0.11,1159.51456235,0.9134666666666668,600.0,1159.51456235,0.0
3330,33,72,110592,355,0.09580726940184832,0.2,8.156563599904379,-9.686270713806152,0.11380208333333333,1e-05,0.01107145,0.04193153232336044,0.1351211816072464,-0.009033973177429289,600.0,0.0,0.11,0.11,1159.51456235,0.9134666666666668,600.0,1159.51456235,0.0
3332,33,73,112128,360,0.023871911006669203,0.2,8.15715446472168,-4.148921489715576,0.08828125,1e-05,0.008504156,-0.007069729268550873,0.13512079417705536,-0.011283822528397044,600.0,0.0,0.12,0.12,1146.28095737,0.9132000000000001,600.0,1146.28095737,0.0
3333,34,74,113664,365,0.09292971231043338,0.2,8.156909211476643,-13.361238479614258,0.09388020833333334,1e-05,0.01155325,0.02250843495130539,0.13512279093265533,-0.01268215966410935,600.0,0.0,0.12,0.12,1146.28095737,0.9132000000000001,600.0,1146.28095737,0.0
3329,34,75,115200,370,0.12157397270202637,0.2,8.15695145924886,-0.1897674798965454,0.06744791666666666,1e-05,0.012434326,0.0015059001743793488,0.13512150943279266,-0.021334513711432617,600.0,0.0,0.12,0.12,1130.2805143199998,0.9086500000000001,600.0,1130.2805143199998,0.0
3329,35,76,116736,375,0.07361236450572808,0.2,8.156915124257406,-0.911283016204834,0.113671875,1e-05,0.0119923465,0.016489654779434204,0.13512323796749115,-0.019451550704737506,600.0,0.0,0.12,0.12,1130.2805143199998,0.9086500000000001,600.0,1130.2805143199998,0.0
3329,35,77,118272,380,0.09536455894509951,0.2,8.15695006052653,-6.431781768798828,0.103125,1e-05,0.010238884,0.009630504995584488,0.1351197063922882,-0.010979071011145909,600.0,0.0,0.12,0.12,1130.2805143199998,0.9086500000000001,600.0,1130.2805143199998,0.0
3331,35,78,119808,385,0.06323128615816434,0.2,8.157504908243816,-0.7944536209106445,0.05611979166666667,1e-05,0.0067831255,-0.007688727229833603,0.13511283695697784,-0.017170370432237785,600.0,0.0,0.12,0.12,1116.3561076300002,0.9043833333333332,600.0,1116.3561076300002,0.0
3332,36,79,121344,390,0.07964498773217202,0.2,8.15824654897054,-11.693573951721191,0.12942708333333333,1e-05,0.012280551,0.030865300446748734,0.1351059228181839,-0.012463500568022331,600.0,0.0,0.12,0.12,1116.3561076300002,0.9043833333333332,600.0,1116.3561076300002,0.0
3333,36,80,122880,395,0.01585573215658466,0.2,8.15876719156901,-4.8916778564453125,0.12096354166666666,1e-05,0.0075749625,-0.0029507335275411606,0.13510391116142273,-0.010982896232356628,600.0,0.0,0.13,0.13,1104.1634200400001,0.9030999999999999,600.0,1104.1634200400001,0.0
3328,37,81,124416,400,0.10780329952637355,0.2,8.15882666905721,-2.2239224910736084,0.147265625,1e-05,0.01277933,0.026204802095890045,0.1351042538881302,-0.016057597876836856,600.0,0.0,0.13,0.13,1104.1634200400001,0.9030999999999999,600.0,1104.1634200400001,0.0
3329,37,82,125952,405,0.022842393442988395,0.2,8.15873556137085,-0.9388395547866821,0.08841145833333333,1e-05,0.00894248,-0.013746114447712898,0.13510528206825256,-0.01424326056924959,598.46,0.01,0.12,0.12,1098.1687421800002,0.9010260837070254,598.46,1098.1687421800002,0.0
3319,38,83,127488,410,0.2010308586061001,0.2,8.15871327718099,0.49199986457824707,0.054947916666666666,1e-05,0.01658858,0.049083638936281204,0.13510368764400482,-0.01794659417743484,598.46,0.01,0.12,0.12,1088.5601636400002,0.8996260837070253,598.46,1088.5601636400002,0.0
3320,38,84,129024,415,0.11549640831847986,0.2,8.158903344472249,-2.483016014099121,0.09036458333333333,1e-05,0.009351238,0.025512579828500748,0.13510239124298096,-0.01575429040628175,598.46,0.01,0.11,0.11,1086.2148515999997,0.8987594170403588,598.46,1086.2148515999997,0.0
3320,39,85,130560,420,0.03128791258980831,0.2,8.159122753143311,-3.6493687629699707,0.11419270833333334,1e-05,0.009454626,-0.008152665570378304,0.13509954512119293,-0.011690298095345497,598.34,0.02,0.1,0.1,1075.5827779600002,0.8958148592172296,598.34,1075.5827779600002,0.0
3318,39,86,132096,425,0.19880013565222424,0.2,8.159345213572184,0.5259943008422852,0.07513020833333334,1e-05,0.020320125,0.04206416755914688,0.13509854674339294,-0.02056996487081051,594.52,0.03,0.1,0.1,1066.20687009,0.8926822904098901,594.52,1066.20687009,0.0
3308,40,87,133632,430,0.13429508109887442,0.2,8.159407424926759,0.720379114151001,0.11953125,1e-05,0.019676486,0.04389459267258644,0.1350984424352646,-0.020911583040530483,593.27,0.04,0.12,0.12,1054.9975286800002,0.8887893079537496,593.27,1054.9975286800002,0.0
3309,40,88,135168,435,0.1760311757524808,0.2,8.159460131327311,0.6090540289878845,0.052083333333333336,1e-05,0.013587053,0.06451837718486786,0.1350962519645691,-0.02000463375200828,593.27,0.04,0.13,0.13,1053.0457680900001,0.8875893079537495,593.27,1053.0457680900001,0.0
3312,41,89,136704,440,0.02335398852204283,0.2,8.159919166564942,-6.827911853790283,0.15911458333333334,1e-05,0.013249823,-0.009327861480414867,0.1350894719362259,-0.014014393826558565,593.27,0.04,0.13,0.13,1049.92638905,0.886572641287083,593.27,1049.92638905,0.0
3312,41,90,138240,445,0.11326024656494459,0.2,8.160476875305175,-0.44196105003356934,0.08671875,1e-05,0.012426115,0.02020636945962906,0.1350872814655304,-0.019013853371143342,589.91,0.05,0.14,0.14,1036.49040743,0.8828756715901133,589.91,1036.49040743,0.0
3313,42,91,139776,450,0.19087938765684764,0.2,8.160709126790364,0.6135593056678772,0.0796875,1e-05,0.017695481,0.041046224534511566,0.13508383929729462,-0.01976575010145704,588.06,0.06,0.14,0.14,1031.1315508300002,0.8811694466905151,588.06,1031.1315508300002,0.0
3313,42,92,141312,455,0.13688046584526697,0.2,8.160987250010173,0.6774476766586304,0.14973958333333334,1e-05,0.019664364,0.03518231585621834,0.13508237898349762,-0.024870847631245852,587.22,0.07,0.14,0.14,1024.42384359,0.8776221598688094,587.22,1024.42384359,0.0
3314,43,93,142848,460,0.15017415458957353,0.2,8.161247825622558,0.7173211574554443,0.07786458333333333,1e-05,0.013742556,0.03482235223054886,0.1350785344839096,-0.019008227173859873,586.44,0.08,0.13,0.13,1020.33112686,0.8752775238534841,586.44,1020.33112686,0.0
3315,43,94,144384,465,0.09630517661571503,0.2,8.161604944864909,0.7976184487342834,0.12096354166666666,1e-05,0.014339384,0.032715342938899994,0.13507604598999023,-0.02258919773933788,584.22,0.09,0.13,0.13,1011.9287013500001,0.8715608571868171,584.22,1011.9287013500001,0.0
3316,43,95,145920,470,0.16718883191545805,0.2,8.161913204193116,0.6726996898651123,0.061328125,1e-05,0.014707215,0.04260324314236641,0.1350715458393097,-0.017617368201414744,577.01,0.11,0.11,0.11,994.2532480499999,0.8643247931368682,577.01,994.2532480499999,0.0
3318,44,96,147456,475,0.24461787243684133,0.2,8.162371317545572,0.739204466342926,0.072265625,1e-05,0.013053122,0.10901735723018646,0.13506898283958435,-0.01849514660425484,570.88,0.13,0.11,0.11,978.69602943,0.856597083468437,570.88,978.69602943,0.0
3318,44,97,148992,480,0.21753544509410858,0.2,8.162396303812663,0.7783802151679993,0.0828125,1e-05,0.013372835,0.07197578251361847,0.13507020473480225,-0.02213827669620514,570.88,0.13,0.12,0.12,977.3634614700002,0.85543041680177,570.88,977.3634614700002,0.0
3316,45,98,150528,485,0.07490162774920464,0.2,8.162363529205322,-0.5498420000076294,0.07643229166666667,1e-05,0.0074968603,0.014507012441754341,0.13506880402565002,-0.012360920011997224,566.51,0.15,0.11,0.11,966.79766779,0.849931010770701,566.51,966.79766779,0.0
3312,45,99,152064,490,0.16841396391391755,0.2,8.162498664855956,0.7816417217254639,0.08919270833333333,1e-05,0.014953028,0.04110526666045189,0.135068878531456,-0.021749795290331046,566.51,0.15,0.12,0.12,965.7107741099999,0.847864344104034,566.51,965.7107741099999,0.0
3312,46,100,153600,495,0.1627053365111351,0.2,8.162504800160725,0.7147676944732666,0.11393229166666667,1e-05,0.01698927,0.05775890126824379,0.13506744801998138,-0.01918731501015524,562.34,0.17,0.11,0.11,954.6263112199999,0.842683321001724,562.34,954.6263112199999,0.0
3229,48,101,155136,500,0.10526775047183037,0.2,8.162798659006755,0.7715415358543396,0.07122395833333334,1e-05,0.013393042,0.014526963233947754,0.1350623518228531,-0.016011358487109342,562.34,0.17,0.11,0.11,952.94813433,0.8401666543350573,562.34,952.94813433,0.0
3215,48,102,156672,505,0.08207416633764902,0.2,8.16342960993449,-0.2950359582901001,0.141015625,1e-05,0.011400172,0.008113285526633263,0.1350562870502472,-0.01781409326940775,562.34,0.17,0.11,0.11,952.5442308200003,0.8384166543350571,562.34,952.5442308200003,0.0
3200,49,103,158208,510,0.060474653045336405,0.2,8.163912391662597,-2.285447597503662,0.13138020833333333,1e-05,0.010127005,0.01858937367796898,0.1350538432598114,-0.01526520320524772,559.08,0.18,0.1,0.1,945.4009880100001,0.8335750484956411,559.08,945.4009880100001,0.0
3172,50,104,159744,515,0.13122282611827055,0.2,8.164156913757324,0.7783106565475464,0.08033854166666667,1e-05,0.01635844,0.01985401287674904,0.13505057990550995,-0.016078828213115532,556.13,0.19,0.09,0.09,937.4139578599998,0.8273559228125813,556.13,937.4139578599998,0.0
3164,50,105,161280,520,0.37944501290718713,0.2,8.164346822102864,0.6449391841888428,0.11953125,1e-05,0.01601293,0.08919094502925873,0.13505125045776367,-0.020121883608711262,546.87,0.22,0.09,0.09,918.6649260900001,0.819893526788547,546.87,918.6649260900001,0.0
3157,51,106,162816,525,0.3009508430957794,0.2,8.164370663960774,0.7868351936340332,0.09440104166666667,1e-05,0.015227624,0.08877017349004745,0.1350492686033249,-0.020643776034315428,544.55,0.23,0.08,0.08,912.7542889600002,0.8148120050494164,544.55,912.7542889600002,0.0
3147,52,107,164352,530,0.12947584117452304,0.2,8.164662424723307,0.6765341758728027,0.12903645833333333,1e-05,0.020063959,0.03723791986703873,0.13504591584205627,-0.01968265368292729,543.21,0.24,0.08,0.08,909.22213808,0.8091831066230932,543.21,909.22213808,0.0
3138,52,108,165888,535,0.2040558452407519,0.2,8.164990139007568,0.648428201675415,0.12278645833333333,1e-05,0.015513935,0.03515193983912468,0.13504253327846527,-0.0203266950789839,542.55,0.25,0.07,0.07,907.9208801199999,0.8074188744133554,542.55,907.9208801199999,0.0
3128,53,109,167424,540,0.25159112562735875,0.2,8.16527442932129,0.7205014824867249,0.13541666666666666,1e-05,0.016379176,0.06774979829788208,0.13504134118556976,-0.02068253546797981,539.01,0.27,0.07,0.07,897.7815598999998,0.7996681506895009,539.01,897.7815598999998,0.0
3120,54,110,168960,545,0.1447375848889351,0.2,8.165398375193279,0.8300989866256714,0.12200520833333334,1e-05,0.016162865,0.03865693509578705,0.1350393295288086,-0.021663852765535316,532.64,0.29,0.07,0.07,885.8919426,0.7937229871965945,532.64,885.8919426,0.0
3113,54,111,170496,550,0.19512002915143967,0.2,8.165673955281575,0.7967366576194763,0.13815104166666667,1e-05,0.018445726,0.057073742151260376,0.13503693044185638,-0.021428047337879737,523.98,0.32,0.07,0.07,869.2667850499998,0.787672754690782,523.98,869.2667850499998,0.0
3099,55,112,172032,555,0.19435321937004726,0.2,8.165817578633627,0.800872802734375,0.080859375,1e-05,0.012749012,0.07824685424566269,0.13503605127334595,-0.019481865564982097,523.97,0.33,0.07,0.07,868.5908562700002,0.7859173289812661,523.97,868.5908562700002,0.0
3090,56,113,173568,560,0.09866108981271585,0.2,8.166087532043457,0.7647078037261963,0.11471354166666667,1e-05,0.018117523,0.03227155655622482,0.13502994179725647,-0.019103086243073147,523.97,0.33,0.07,0.07,869.5071634000001,0.7869506623145996,523.97,869.5071634000001,0.0
3083,56,114,175104,565,0.043084249024589856,0.2,8.166862201690673,-3.16583251953125,0.10104166666666667,1e-05,0.008575735,-0.011424634605646133,0.13502293825149536,-0.011475669747839371,517.3,0.36,0.06,0.06,855.50176718,0.7811711261135023,517.3,855.50176718,0.0
3076,57,115,176640,570,0.2925346687436104,0.2,8.167543665568035,0.7799286842346191,0.12890625,1e-05,0.020092936,0.09581837058067322,0.135016530752182,-0.021739227153981727,518.84,0.35,0.06,0.06,859.36333973,0.7818950424064767,518.84,859.36333973,0.0
3070,58,116,178176,575,0.09496666043996811,0.2,8.167800680796306,0.5871739387512207,0.10442708333333334,1e-05,0.011648883,0.021327316761016846,0.13502006232738495,-0.015675438040246566,516.43,0.36,0.06,0.06,852.41775485,0.7754822754612585,516.43,852.41775485,0.0
3064,58,117,179712,580,0.16097450082500775,0.2,8.16729679107666,0.7359586954116821,0.08255208333333333,1e-05,0.015905641,0.028655804693698883,0.1350233405828476,-0.019168305055548746,512.65,0.36,0.06,0.06,847.1535253999999,0.7737815951891496,512.65,847.1535253999999,0.0
3055,59,118,181248,585,0.21519151329994202,0.2,8.1671856880188,0.7543105483055115,0.12044270833333333,1e-05,0.017454812,0.04901457577943802,0.13502351939678192,-0.021816780045628547,510.72,0.37,0.07,0.07,841.9884369499999,0.7699665665241209,510.72,841.9884369499999,0.0
3050,59,119,182784,590,0.040064787678420546,0.2,8.16730162302653,0.86158686876297,0.10481770833333333,1e-05,0.01880907,-0.014906708151102066,0.13501952588558197,-0.014388854646434386,511.23,0.37,0.07,0.07,843.79399732,0.7708124562732199,511.23,843.79399732,0.0
3044,60,120,184320,595,0.23998712003231049,0.2,8.167578856150309,0.5970419645309448,0.12526041666666668,1e-05,0.018551843,0.08417192101478577,0.1350203901529312,-0.02022034414112568,509.33,0.37,0.06,0.06,840.2179711800002,0.7702387720626936,509.33,840.2179711800002,0.0
3039,61,121,185856,600,0.22320206115643185,0.2,8.167573515574137,0.6505205631256104,0.082421875,1e-05,0.011171207,0.05603713542222977,0.13501743972301483,-0.018766901486863694,507.52,0.39,0.04,0.04,834.3674313299998,0.7672896535569678,507.52,834.3674313299998,0.0
3034,61,122,187392,605,0.17053212051590283,0.2,8.167971420288087,0.804362952709198,0.107421875,1e-05,0.016537001,0.05864664912223816,0.13501444458961487,-0.021817136276513337,507.52,0.39,0.04,0.04,832.9206927299998,0.7645396535569678,507.52,832.9206927299998,0.0
3030,62,123,188928,610,0.09741296904782454,0.2,8.168241055806478,0.5956194400787354,0.11497395833333333,1e-05,0.009917329,0.018836885690689087,0.13501165807247162,-0.016533314840247233,507.45,0.39,0.04,0.04,833.2425293300001,0.7635231991294238,507.45,833.2425293300001,0.0
3022,63,124,190464,615,0.10832604592045149,0.2,8.16867790222168,0.7696767449378967,0.11119791666666666,1e-05,0.012766975,0.02095121517777443,0.1350039392709732,-0.02019010925044616,509.3,0.38,0.03,0.03,838.8437652599999,0.7661294240290222,509.3,838.8437652599999,0.0
3017,63,125,192000,620,0.11801430036624273,0.2,8.16944834391276,0.22510278224945068,0.12760416666666666,1e-05,0.014439235,0.021178804337978363,0.13499951362609863,-0.016293467643360298,504.26,0.39,0.03,0.03,829.6026016399998,0.7626867123228646,504.26,829.6026016399998,0.0
3009,64,126,193536,625,0.22289096315701803,0.2,8.169906298319498,0.81280118227005,0.13059895833333332,1e-05,0.01807192,0.08117599040269852,0.1349940001964569,-0.02078877737124761,503.6,0.39,0.03,0.03,827.5997973999999,0.7615178235468306,503.6,827.5997973999999,0.0
3002,64,127,195072,630,0.32677807410558063,0.2,8.170331478118896,0.6998436450958252,0.09752604166666666,1e-05,0.016526163,0.13748806715011597,0.1349928081035614,-0.021096597518771888,496.44,0.41,0.03,0.03,812.5438731100002,0.7530164458475329,496.44,812.5438731100002,0.0
2996,65,128,196608,635,0.12128625623881817,0.2,8.170546627044677,0.8688291311264038,0.12174479166666667,1e-05,0.017116196,0.010705754160881042,0.13498835265636444,-0.021685586869716646,496.44,0.41,0.03,0.03,812.5438731100002,0.7530164458475329,496.44,812.5438731100002,0.0
2989,66,129,198144,640,0.051829925179481505,0.2,8.170843124389648,0.19327616691589355,0.13736979166666666,1e-05,0.011178545,0.0041019506752491,0.13498826324939728,-0.013121643553798397,505.99,0.38,0.04,0.04,833.5278387800001,0.7627364035779799,505.99,833.5278387800001,0.0
2982,66,130,199680,645,0.04455110803246498,0.2,8.171090761820475,-6.285186767578125,0.12942708333333333,1e-05,0.009637811,0.0032929405570030212,0.13498114049434662,-0.01170562698195378,504.88,0.39,0.03,0.03,830.75637971,0.7626603299583479,504.88,830.75637971,0.0
2976,67,131,201216,650,0.22611486862103145,0.2,8.171698919932048,0.6684826612472534,0.14466145833333333,1e-05,0.022170864,0.06658850610256195,0.13498052954673767,-0.018156945433778066,509.25,0.37,0.04,0.04,839.94004638,0.7655764026560837,509.25,839.94004638,0.0
