time/iterations,episodes/l,rollout/ep_rew_mean,rollout/success_rate,time/total_timesteps,episodes/recovered,rollout/ep_len_mean,time/fps,time/time_elapsed,episodes/stand_fraction,episodes/r,episodes/is_success,episodes/fell,train/std,train/clip_fraction,train/value_loss,train/policy_gradient_loss,train/approx_kl,train/n_updates,train/loss,train/learning_rate,train/explained_variance,train/clip_range,train/entropy_loss
1,600.0,1016.6144253717948,0.0,50260,0.038461538461538464,600.0,1167,0,0.5762820512820511,1016.6144253717948,0.0,0.8076923076923077,,,,,,,,,,,
2,600.0,1016.6144253717948,0.0,50516,0.038461538461538464,600.0,1125,0,0.5762820512820511,1016.6144253717948,0.0,0.8076923076923077,0.06720530241727829,0.0,0.08928742073476315,-0.0023793702324231467,0.00027831714,163,0.024112775921821594,3e-06,-2.563856363296509,0.2,17.934880256652832
3,600.0,1016.6144253717948,0.0,50772,0.038461538461538464,600.0,1161,0,0.5762820512820511,1016.6144253717948,0.0,0.8076923076923077,0.06720518320798874,0.0,0.022186337659756344,-0.004452437162399292,0.0014761013,166,0.010630564764142036,3e-06,-3.0511279106140137,0.2,17.934916178385418
4,602.5316455696203,1026.5524298734176,0.012658227848101266,51028,0.0379746835443038,602.5316455696203,1140,0,0.5810443037974682,1026.5524298734176,0.012658227848101266,0.7974683544303798,0.06720513105392456,0.0,0.021103992437322933,-0.00413650864114364,0.0016838035,169,-0.003548659384250641,3e-06,-1.5308568477630615,0.2,17.934934933980305
5,602.5316455696203,1026.5524298734176,0.012658227848101266,51284,0.0379746835443038,602.5316455696203,1153,1,0.5810443037974682,1026.5524298734176,0.012658227848101266,0.7974683544303798,0.06720509380102158,0.0026041666666666665,0.05003593489527702,-0.008129601599648595,0.0019118169,172,0.004436928778886795,3e-06,-0.5899796485900879,0.2,17.93494447072347
6,602.5316455696203,1026.5524298734176,0.012658227848101266,51540,0.0379746835443038,602.5316455696203,1163,1,0.5810443037974682,1026.5524298734176,0.012658227848101266,0.7974683544303798,0.06720505654811859,0.0,0.021139385799566906,-0.0041878024737040205,0.0019443182,175,0.0075056906789541245,3e-06,-1.8504762649536133,0.2,17.934952100118
7,605.0,1035.9440354499998,0.025,51796,0.05,605.0,1167,1,0.585625,1035.9440354499998,0.025,0.8,0.06720515340566635,0.0,0.024327092493573826,-0.0030503401843210063,0.001447784,178,0.006066801957786083,3e-06,-4.859313011169434,0.2,17.934948603312176
8,605.0,1035.9440354499998,0.025,52052,0.05,605.0,1173,1,0.585625,1035.9440354499998,0.025,0.8,0.06720524281263351,0.0,0.07200656644999981,-0.009958925346533457,0.0011884102,181,0.008531438186764717,3e-06,-0.11950135231018066,0.2,17.934924761454266
9,605.0,1035.9440354499998,0.025,52308,0.05,605.0,1179,1,0.585625,1035.9440354499998,0.025,0.8,0.0672052651643753,0.0,0.022867743857204914,-0.002103169448673725,0.0006306858,184,0.010055014863610268,3e-06,-16.44684600830078,0.2,17.934914588928223
10,607.4074074074074,1045.2311130246912,0.037037037037037035,52564,0.06172839506172839,607.4074074074074,1180,2,0.5903395061728395,1045.2311130246912,0.037037037037037035,0.8024691358024691,0.0672052875161171,0.0,0.022656341704229515,-0.003917892696335912,0.001208314,187,0.0004527335986495018,3e-06,-29.614013671875,0.2,17.934909184773762
11,607.4074074074074,1045.2311130246912,0.037037037037037035,52820,0.06172839506172839,607.4074074074074,1186,2,0.5903395061728395,1045.2311130246912,0.037037037037037035,0.8024691358024691,0.06720532476902008,0.010416666666666666,0.18098979194959006,-0.013900000291566053,0.0038398015,190,0.06351074576377869,3e-06,0.7041459083557129,0.2,17.93490441640218
12,607.4074074074074,1045.2311130246912,0.037037037037037035,53076,0.06172839506172839,607.4074074074074,1191,2,0.5903395061728395,1045.2311130246912,0.037037037037037035,0.8024691358024691,0.06720531731843948,0.0,0.023770493144790333,-0.0017981853646536667,0.0014797703,193,0.010086674243211746,3e-06,-0.6681878566741943,0.2,17.934898058573406
13,609.7560975609756,1052.8417278780487,0.04878048780487805,53332,0.07317073170731707,609.7560975609756,1192,2,0.5940701219512194,1052.8417278780487,0.04878048780487805,0.8048780487804879,0.06720520555973053,0.0,0.02089402514199416,-0.0012183981016278267,0.0010254704,196,0.006387642584741116,3e-06,-2.752002716064453,0.2,17.93491204579671
14,609.7560975609756,1052.8417278780487,0.04878048780487805,53588,0.07317073170731707,609.7560975609756,1193,3,0.5940701219512194,1052.8417278780487,0.04878048780487805,0.8048780487804879,0.06720512360334396,0.0013020833333333333,0.04802911604444186,-0.005129176191985607,0.0021869447,199,0.004280120134353638,3e-06,-30.430953979492188,0.2,17.934933344523113
15,609.7560975609756,1052.8417278780487,0.04878048780487805,53844,0.07317073170731707,609.7560975609756,1195,3,0.5940701219512194,1052.8417278780487,0.04878048780487805,0.8048780487804879,0.06720511615276337,0.0013020833333333333,0.020709113217890263,-0.004789631813764572,0.0026264712,202,-0.0016690026968717575,3e-06,-6.977807521820068,0.2,17.934940338134766
16,612.0481927710844,1062.1946221084336,0.060240963855421686,54100,0.07228915662650602,612.0481927710844,1195,3,0.5988704819277109,1062.1946221084336,0.060240963855421686,0.7951807228915663,0.06720519065856934,0.0013020833333333333,0.020008590382834274,-0.005660068864623706,0.002986212,205,-0.012105031870305538,3e-06,-5.726749897003174,0.2,17.934936841328938
17,612.0481927710844,1062.1946221084336,0.060240963855421686,54356,0.07228915662650602,612.0481927710844,1198,3,0.5988704819277109,1062.1946221084336,0.060240963855421686,0.7951807228915663,0.06720521301031113,0.005208333333333333,0.04338818105558554,-0.004644556902348995,0.003087035,208,0.005880821496248245,3e-06,-16.851211547851562,0.2,17.934922854105633
18,612.0481927710844,1062.1946221084336,0.060240963855421686,54612,0.07228915662650602,612.0481927710844,1199,3,0.5988704819277109,1062.1946221084336,0.060240963855421686,0.7951807228915663,0.06720523536205292,0.0,0.020095257709423702,-0.0011172425001859665,0.0014771398,211,0.0027611469849944115,3e-06,-2.1161372661590576,0.2,17.934921264648438
19,614.2857142857143,1071.3349129166666,0.07142857142857142,54868,0.07142857142857142,614.2857142857143,1201,4,0.6035863095238094,1071.3349129166666,0.07142857142857142,0.7857142857142857,0.0672052651643753,0.0,0.019145887655516464,-0.005113027524203062,0.0013081187,214,0.001894582062959671,3e-06,-3.9738316535949707,0.2,17.934916814168293
20,614.2857142857143,1071.3349129166666,0.07142857142857142,55124,0.07142857142857142,614.2857142857143,1202,4,0.6035863095238094,1071.3349129166666,0.07142857142857142,0.7857142857142857,0.0672052726149559,0.0013020833333333333,0.04479768965393305,-0.0027166311629116535,0.0013696738,217,0.01606837473809719,3e-06,-8.240036010742188,0.2,17.934909184773762
21,614.2857142857143,1071.3349129166666,0.07142857142857142,55380,0.07142857142857142,614.2857142857143,1204,4,0.6035863095238094,1071.3349129166666,0.07142857142857142,0.7857142857142857,0.0672052875161171,0.0013020833333333333,0.016934675785402458,-0.003464084273825089,0.0014742187,220,0.0019054049625992775,3e-06,-7.874202728271484,0.2,17.934908548990887
22,616.4705882352941,1080.2400222588235,0.08235294117647059,55636,0.07058823529411765,616.4705882352941,1204,4,0.6082205882352941,1080.2400222588235,0.08235294117647059,0.7764705882352941,0.0672052651643753,0.0,0.01770440690840284,-0.005092009669169784,0.002396069,223,-0.0026164911687374115,3e-06,-1.70845365524292,0.2,17.93490727742513
23,616.4705882352941,1080.2400222588235,0.08235294117647059,55892,0.07058823529411765,616.4705882352941,1204,4,0.6082205882352941,1080.2400222588235,0.08235294117647059,0.7764705882352941,0.0672052651643753,0.0013020833333333333,0.044471380611260734,-0.0030674916536857686,0.0019460537,226,0.007327360101044178,3e-06,-9.468021392822266,0.2,17.93491204579671
24,616.4705882352941,1080.2400222588235,0.08235294117647059,56148,0.07058823529411765,616.4705882352941,1206,5,0.6082205882352941,1080.2400222588235,0.08235294117647059,0.7764705882352941,0.06720525771379471,0.0,0.018000919682284195,-0.0008292136092980703,0.0010048163,229,0.0060149915516376495,3e-06,-17.521631240844727,0.2,17.934912363688152
25,618.6046511627907,1088.938632476744,0.09302325581395349,56404,0.06976744186046512,618.6046511627907,1207,5,0.6126744186046511,1088.938632476744,0.09302325581395349,0.7674418604651163,0.06720523536205292,0.0,0.018602434856196243,-0.0029223622598995766,0.0009854524,232,0.002661935519427061,3e-06,-11.42604923248291,0.2,17.934919039408367
26,618.6046511627907,1088.938632476744,0.09302325581395349,56660,0.06976744186046512,618.6046511627907,1208,5,0.6126744186046511,1088.938632476744,0.09302325581395349,0.7674418604651163,0.06720541417598724,0.0,0.017610896999637287,-0.0021605811392267547,0.0011964589,235,0.010944242589175701,3e-06,-11.260316848754883,0.2,17.93490695953369
27,618.6046511627907,1088.938632476744,0.09302325581395349,56916,0.06976744186046512,618.6046511627907,1209,5,0.6126744186046511,1088.938632476744,0.09302325581395349,0.7674418604651163,0.06720560789108276,0.0,0.04534117504954338,-0.0038895110289255777,0.0011430231,238,0.016970474272966385,3e-06,-19.256738662719727,0.2,17.93486436208089
28,618.6046511627907,1088.938632476744,0.09302325581395349,57172,0.06976744186046512,618.6046511627907,1210,5,0.6126744186046511,1088.938632476744,0.09302325581395349,0.7674418604651163,0.06720566749572754,0.0,0.017439490805069607,-0.003783893771469593,0.0014080692,241,-0.0011217892169952393,3e-06,-13.14997386932373,0.2,17.93483257293701
29,620.6896551724138,1097.4249526781607,0.10344827586206896,57428,0.06896551724137931,620.6896551724138,1209,6,0.6170545977011493,1097.4249526781607,0.10344827586206896,0.7586206896551724,0.06720565259456635,0.0013020833333333333,0.015347441658377647,-0.004865517063687245,0.0019780365,244,-0.010555142536759377,3e-06,-5.480288505554199,0.2,17.934829076131184
30,620.6896551724138,1097.4249526781607,0.10344827586206896,57684,0.06896551724137931,620.6896551724138,1210,6,0.6170545977011493,1097.4249526781607,0.10344827586206896,0.7586206896551724,0.06720559298992157,0.0,0.04364898304144541,-0.0016350105094412963,0.001283207,247,0.024514328688383102,3e-06,-11.181032180786133,0.2,17.93483543395996
31,620.6896551724138,1097.4249526781607,0.10344827586206896,57940,0.06896551724137931,620.6896551724138,1210,6,0.6170545977011493,1097.4249526781607,0.10344827586206896,0.7586206896551724,0.06720554828643799,0.0,0.013960993693520626,-0.0041907283787926035,0.0018471912,250,-0.001851256936788559,3e-06,-4.098186016082764,0.2,17.934848149617512
32,622.7272727272727,1105.7344447727273,0.11363636363636363,58196,0.06818181818181818,622.7272727272727,1209,6,0.6213494318181818,1105.7344447727273,0.11363636363636363,0.75,0.0672055259346962,0.0,0.015319845639169216,-0.005586399541546901,0.0021594237,253,-0.007753489073365927,3e-06,-4.028919696807861,0.2,17.934854825337727
33,622.7272727272727,1105.7344447727273,0.11363636363636363,58452,0.06818181818181818,622.7272727272727,1209,6,0.6213494318181818,1105.7344447727273,0.11363636363636363,0.75,0.06720547378063202,0.0,0.15683757762114206,-0.005733866865436236,0.0012991545,256,0.08572714030742645,3e-06,-0.22210288047790527,0.2,17.934861183166504
34,622.7272727272727,1105.7344447727273,0.11363636363636363,58708,0.06818181818181818,622.7272727272727,1209,7,0.6213494318181818,1105.7344447727273,0.11363636363636363,0.75,0.06720546633005142,0.0,0.012559592879066864,-0.004890658271809419,0.001350814,259,-0.008059520274400711,3e-06,-4.479233741760254,0.2,17.93487294514974
35,624.7191011235955,1113.2263178539326,0.12359550561797752,58964,0.07865168539325842,624.7191011235955,1208,7,0.6251685393258427,1113.2263178539326,0.12359550561797752,0.7528089887640449,0.06720548123121262,0.0,0.01360761063794295,-0.0006764077891906103,0.0017061434,262,0.006670438684523106,3e-06,-19.006807327270508,0.2,17.934868812561035
36,624.7191011235955,1113.2263178539326,0.12359550561797752,59220,0.07865168539325842,624.7191011235955,1208,7,0.6251685393258427,1113.2263178539326,0.12359550561797752,0.7528089887640449,0.06720549613237381,0.0,0.042183563423653446,-0.0031816381961107254,0.0013285337,265,0.01219988614320755,3e-06,-20.394712448120117,0.2,17.934864044189453
37,624.7191011235955,1113.2263178539326,0.12359550561797752,59476,0.07865168539325842,624.7191011235955,1208,7,0.6251685393258427,1113.2263178539326,0.12359550561797752,0.7528089887640449,0.06720543652772903,0.0078125,0.015654157226284344,-0.011291201847294966,0.0034418202,268,-0.01894327625632286,3e-06,-4.525415420532227,0.2,17.934869448343914
38,626.6666666666666,1121.1659853777778,0.13333333333333333,59732,0.07777777777777778,626.6666666666666,1207,8,0.62925,1121.1659853777778,0.13333333333333333,0.7444444444444445,0.06720538437366486,0.036458333333333336,0.014056031747410694,-0.013070685633768639,0.007259965,271,-0.029676957055926323,3e-06,-29.589818954467773,0.2,17.934881528218586
39,626.6666666666666,1121.1659853777778,0.13333333333333333,59988,0.07777777777777778,626.6666666666666,1207,8,0.62925,1121.1659853777778,0.13333333333333333,0.7444444444444445,0.06720533221960068,0.0013020833333333333,0.07550766567389171,-0.006514807852605979,0.0029632372,274,0.0024138521403074265,3e-06,-1.6428906917572021,0.2,17.93489138285319
40,626.6666666666666,1121.1659853777778,0.13333333333333333,60244,0.07777777777777778,626.6666666666666,1207,8,0.62925,1121.1659853777778,0.13333333333333333,0.7444444444444445,0.06720533221960068,0.0026041666666666665,0.013119382007668415,-0.00803062024836739,0.0023262806,277,-0.011350726708769798,3e-06,-8.431780815124512,0.2,17.934899012247723
41,628.5714285714286,1128.480214098901,0.14285714285714285,60500,0.08791208791208792,628.5714285714286,1205,8,0.6329670329670329,1128.480214098901,0.14285714285714285,0.7472527472527473,0.06720536202192307,0.005208333333333333,0.013023775691787401,-0.0031589309219270945,0.0027443254,280,-0.0020626215264201164,3e-06,-10.387410163879395,0.2,17.93489424387614
42,628.5714285714286,1128.480214098901,0.14285714285714285,60756,0.08791208791208792,628.5714285714286,1205,8,0.6329670329670329,1128.480214098901,0.14285714285714285,0.7472527472527473,0.06720537692308426,0.0,0.11195383220911026,-0.006937135321398576,0.0014160066,283,0.050924088805913925,3e-06,0.10048466920852661,0.2,17.934890429178875
43,628.5714285714286,1128.480214098901,0.14285714285714285,61012,0.08791208791208792,628.5714285714286,1204,9,0.6329670329670329,1128.480214098901,0.14285714285714285,0.7472527472527473,0.06720537692308426,0.0,0.014103814338644346,-0.002577787342791756,0.000735363,286,0.0004193992353975773,3e-06,-3.843283176422119,0.2,17.934889157613117
44,630.4347826086956,1135.5983874673911,0.15217391304347827,61268,0.09782608695652174,630.4347826086956,1197,9,0.6363858695652174,1135.5983874673911,0.15217391304347827,0.75,0.06720535457134247,0.0,0.013738837403555712,-0.0032217067976792655,0.0010346873,289,-0.003714528866112232,3e-06,-6.980797290802002,0.2,17.93489106496175
45,630.4347826086956,1135.5983874673911,0.15217391304347827,61524,0.09782608695652174,630.4347826086956,1197,9,0.6363858695652174,1135.5983874673911,0.15217391304347827,0.75,0.06720533221960068,0.0,0.13433719923098883,-0.006001254233221213,0.0011423214,292,0.02202088013291359,3e-06,-0.27836108207702637,0.2,17.934894879659016
46,630.4347826086956,1135.5983874673911,0.15217391304347827,61780,0.09782608695652174,630.4347826086956,1197,9,0.6363858695652174,1135.5983874673911,0.15217391304347827,0.75,0.06720533221960068,0.0,0.01457819730664293,-0.0037914936741193137,0.0010690971,295,-0.004162303172051907,3e-06,-11.497814178466797,0.2,17.934898376464844
47,632.258064516129,1142.3791278817203,0.16129032258064516,62036,0.10752688172043011,632.258064516129,1197,10,0.6397446236559139,1142.3791278817203,0.16129032258064516,0.7526881720430108,0.06720532476902008,0.0,0.012839238780240217,-0.0042335425193111105,0.0014205701,298,0.005487963557243347,3e-06,-10.519396781921387,0.2,17.934898058573406
48,632.258064516129,1142.3791278817203,0.16129032258064516,62292,0.10752688172043011,632.258064516129,1198,10,0.6397446236559139,1142.3791278817203,0.16129032258064516,0.7526881720430108,0.0672052651643753,0.0,0.04934851701060931,-0.005586250452324748,0.0017760352,301,0.011458368971943855,3e-06,-32.14384460449219,0.2,17.934903780619305
49,632.258064516129,1142.3791278817203,0.16129032258064516,62548,0.10752688172043011,632.258064516129,1198,10,0.6397446236559139,1142.3791278817203,0.16129032258064516,0.7526881720430108,0.06720515340566635,0.0026041666666666665,0.012229165527969599,-0.005179787365098794,0.0022002547,304,-0.008899661712348461,3e-06,-22.879138946533203,0.2,17.93492253621419
50,634.0425531914893,1149.5461190638296,0.1702127659574468,62804,0.10638297872340426,634.0425531914893,1197,10,0.6434707446808511,1149.5461190638296,0.1702127659574468,0.7446808510638298,0.06720513850450516,0.0,0.016502408931652706,-0.0028010783717036247,0.0019465159,307,-0.002458760514855385,3e-06,-3.265072822570801,0.2,17.93493938446045
51,634.0425531914893,1149.5461190638296,0.1702127659574468,63060,0.10638297872340426,634.0425531914893,1197,10,0.6434707446808511,1149.5461190638296,0.1702127659574468,0.7446808510638298,0.06720513850450516,0.0013020833333333333,0.012049195201446613,-0.004913522241016229,0.001898793,310,0.0009005307219922543,3e-06,-5.505706787109375,0.2,17.934937795003254
52,634.0425531914893,1149.5461190638296,0.1702127659574468,63316,0.10638297872340426,634.0425531914893,1197,11,0.6434707446808511,1149.5461190638296,0.1702127659574468,0.7446808510638298,0.06720508635044098,0.00390625,0.13239450628558794,-0.011183456828196844,0.0018538991,313,0.04279766604304314,3e-06,-0.5230362415313721,0.2,17.934943834940594
53,634.0425531914893,1149.5461190638296,0.1702127659574468,63572,0.10638297872340426,634.0425531914893,1197,11,0.6434707446808511,1149.5461190638296,0.1702127659574468,0.7446808510638298,0.06720505654811859,0.0,0.01085973127434651,-0.003040635958313942,0.00091614504,316,-0.0023871459998190403,3e-06,-6.016236305236816,0.2,17.934952100118
54,635.7894736842105,1155.9990715263154,0.17894736842105263,63828,0.11578947368421053,635.7894736842105,1197,11,0.6465921052631578,1155.9990715263154,0.17894736842105263,0.7473684210526316,0.06720509380102158,0.0013020833333333333,0.010560580063611269,-0.006065173850705226,0.0020106684,319,-0.007461864035576582,3e-06,-17.997020721435547,0.2,17.93495273590088
55,635.7894736842105,1155.9990715263154,0.17894736842105263,64084,0.11578947368421053,635.7894736842105,1197,11,0.6465921052631578,1155.9990715263154,0.17894736842105263,0.7473684210526316,0.06720515340566635,0.0,0.20461502919594446,-0.004408699925988913,0.001556193,322,0.10883142054080963,3e-06,-0.9197741746902466,0.2,17.93494192759196
56,635.7894736842105,1155.9990715263154,0.17894736842105263,64340,0.11578947368421053,635.7894736842105,1197,11,0.6465921052631578,1155.9990715263154,0.17894736842105263,0.7473684210526316,0.06720519065856934,0.0026041666666666665,0.01075669222821792,-0.005182904501756032,0.002109985,325,-0.0053555648773908615,3e-06,-6.995667934417725,0.2,17.934931755065918
57,637.5,1162.2027043645833,0.1875,64596,0.11458333333333333,637.5,1196,12,0.6495703125,1162.2027043645833,0.1875,0.7395833333333334,0.06720522046089172,0.00390625,0.012082523200660944,-0.003065610614915689,0.0022416958,328,0.0022136028856039047,3e-06,-10.109292984008789,0.2,17.93492380777995
58,637.5,1162.2027043645833,0.1875,64852,0.11458333333333333,637.5,1196,12,0.6495703125,1162.2027043645833,0.1875,0.7395833333333334,0.06720519810914993,0.0,0.08448064203063647,-0.0044421857843796415,0.0012939088,331,0.023078078404068947,3e-06,0.3894413709640503,0.2,17.93492317199707
59,637.5,1162.2027043645833,0.1875,65108,0.11458333333333333,637.5,1196,12,0.6495703125,1162.2027043645833,0.1875,0.7395833333333334,0.06720515340566635,0.0,0.010912502029289802,-0.004832051073511441,0.0012466626,334,-0.004784425254911184,3e-06,-29.82115936279297,0.2,17.934930483500164
60,639.1752577319587,1168.4504747628866,0.1958762886597938,65364,0.12371134020618557,639.1752577319587,1195,12,0.6527190721649484,1168.4504747628866,0.1958762886597938,0.7422680412371134,0.06720517575740814,0.0,0.010677590811004242,-0.0008683819323778152,0.0013432757,337,-3.8242898881435394e-05,3e-06,-8.229596138000488,0.2,17.934935569763184
61,639.1752577319587,1168.4504747628866,0.1958762886597938,65620,0.12371134020618557,639.1752577319587,1195,13,0.6527190721649484,1168.4504747628866,0.1958762886597938,0.7422680412371134,0.06720523536205292,0.0013020833333333333,0.09716116761167844,-0.009701117252310118,0.0013633412,340,0.026112312451004982,3e-06,-0.03261566162109375,0.2,17.934925715128582
62,639.1752577319587,1168.4504747628866,0.1958762886597938,65876,0.12371134020618557,639.1752577319587,1195,13,0.6527190721649484,1168.4504747628866,0.1958762886597938,0.7422680412371134,0.06720529496669769,0.0,0.009053258302931985,-0.0034080762804175415,0.0011111554,343,-0.0034268181771039963,3e-06,-2.7894718647003174,0.2,17.9349152247111
63,640.8163265306123,1174.5308075,0.20408163265306123,66132,0.1326530612244898,640.8163265306123,1195,13,0.655829081632653,1174.5308075,0.20408163265306123,0.7448979591836735,0.0672052875161171,0.0013020833333333333,0.008947208213309446,-0.004475272415826718,0.0015431263,346,-0.0082896389067173,3e-06,-9.509438514709473,0.2,17.934906005859375
64,640.8163265306123,1174.5308075,0.20408163265306123,66388,0.1326530612244898,640.8163265306123,1195,13,0.655829081632653,1174.5308075,0.20408163265306123,0.7448979591836735,0.06720530241727829,0.006510416666666667,0.1986293817559878,-0.013097069691866636,0.0019469489,349,0.062117088586091995,3e-06,0.6338667869567871,0.2,17.93490759531657
65,640.8163265306123,1174.5308075,0.20408163265306123,66644,0.1326530612244898,640.8163265306123,1195,13,0.655829081632653,1174.5308075,0.20408163265306123,0.7448979591836735,0.06720533221960068,0.0,0.009754395578056574,-0.004286930741121371,0.0013863691,352,-0.003570095170289278,3e-06,-4.680804252624512,0.2,17.934900283813477
66,642.4242424242424,1179.972383979798,0.21212121212121213,66900,0.1414141414141414,642.4242424242424,1194,14,0.658510101010101,1179.972383979798,0.21212121212121213,0.7474747474747475,0.06720532476902008,0.0013020833333333333,0.010651917041589817,-0.0012614061124622822,0.0018965898,355,0.007425152696669102,3e-06,-11.23631477355957,0.2,17.934897422790527
67,642.4242424242424,1179.972383979798,0.21212121212121213,67156,0.1414141414141414,642.4242424242424,1195,14,0.658510101010101,1179.972383979798,0.21212121212121213,0.7474747474747475,0.06720521301031113,0.0,0.04953221883624792,-0.0015551685355603695,0.0010777472,358,0.023158524185419083,3e-06,-24.241806030273438,0.2,17.934906641642254
68,642.4242424242424,1179.972383979798,0.21212121212121213,67412,0.1414141414141414,642.4242424242424,1195,14,0.658510101010101,1179.972383979798,0.21212121212121213,0.7474747474747475,0.06720514595508575,0.0,0.0090259057469666,-0.001394628236691157,0.00089409854,361,0.0015917862765491009,3e-06,-5.136317729949951,0.2,17.934930483500164
69,644.0,1186.36693292,0.22,67668,0.14,644.0,1193,14,0.6618625,1186.36693292,0.22,0.74,0.06720508635044098,0.0,0.0097094535206755,-0.00185813723752896,0.0009956246,364,0.0007727355696260929,3e-06,-8.094624519348145,0.2,17.93494160970052
70,644.0,1186.36693292,0.22,67924,0.14,644.0,1193,15,0.6618625,1186.36693292,0.22,0.74,0.06720501184463501,0.00390625,0.25960854192574817,-0.012122527696192265,0.0021472452,367,0.08481042087078094,3e-06,0.04421031475067139,0.2,17.934956550598145
71,644.0,1186.36693292,0.22,68180,0.14,644.0,1193,15,0.6618625,1186.36693292,0.22,0.74,0.0672050267457962,0.0,0.011096101875106493,-0.0015076116348306339,0.0005705999,370,-0.002135165501385927,3e-06,-4.5563063621521,0.2,17.934966723124187
72,646.0,1195.0730823999997,0.23,68436,0.14,646.0,1192,15,0.6663583333333334,1195.0730823999997,0.23,0.74,0.06720511615276337,0.0,0.007829244869450728,-0.0018948114787538846,0.00093297893,373,-0.004305568058043718,3e-06,-15.24312973022461,0.2,17.934954325358074
73,646.0,1195.0730823999997,0.23,68692,0.14,646.0,1192,15,0.6663583333333334,1195.0730823999997,0.23,0.74,0.06720515340566635,0.0,0.11350767066081364,-0.007975555025041103,0.0008890801,376,0.04201619327068329,3e-06,0.3118770718574524,0.2,17.93493906656901
74,646.0,1195.0730823999997,0.23,68948,0.14,646.0,1192,15,0.6663583333333334,1195.0730823999997,0.23,0.74,0.06720518320798874,0.0,0.014779947387675444,-0.002623513030509154,0.00043908553,379,0.001302557997405529,3e-06,-9.271944999694824,0.2,17.934933026631672
75,648.0,1203.9643236399997,0.24,69204,0.15,648.0,1192,16,0.6709208333333333,1203.9643236399997,0.24,0.74,0.0672052875161171,0.0,0.008559132072453698,-0.0018158769235014915,0.0011220062,382,0.002735074609518051,3e-06,-21.513286590576172,0.2,17.934921264648438
76,648.0,1203.9643236399997,0.24,69460,0.15,648.0,1192,16,0.6709208333333333,1203.9643236399997,0.24,0.74,0.06720544397830963,0.0,0.007998038704196611,-0.0017153269921739895,0.0010480131,385,0.0019082906655967236,3e-06,-5.511828422546387,0.2,17.934895833333332
77,648.0,1203.9643236399997,0.24,69716,0.15,648.0,1192,16,0.6709208333333333,1203.9643236399997,0.24,0.74,0.06720561534166336,0.0013020833333333333,0.09633595931033294,-0.004345197812654078,0.0011566211,388,0.05448175221681595,3e-06,-2.9325966835021973,0.2,17.934861183166504
78,648.0,1203.9643236399997,0.24,69972,0.15,648.0,1192,16,0.6709208333333333,1203.9643236399997,0.24,0.74,0.06720569729804993,0.0,0.009265889724095663,-0.005379478447139263,0.0011451789,391,-0.0040519158355891705,3e-06,-6.315881729125977,0.2,17.934829076131184
79,650.0,1211.5071105199997,0.25,70228,0.16,650.0,1191,16,0.6743375,1211.5071105199997,0.25,0.74,0.06720566749572754,0.0,0.0071089329818884535,-0.0017693971749395132,0.00094088144,394,-0.0030624293722212315,3e-06,-10.139220237731934,0.2,17.934823989868164
80,650.0,1211.5071105199997,0.25,70484,0.16,650.0,1191,17,0.6743375,1211.5071105199997,0.25,0.74,0.06720555573701859,0.0013020833333333333,0.04802422287563483,-0.005902669159695506,0.0017514993,397,0.025041012093424797,3e-06,-32.92978286743164,0.2,17.934836705525715
81,650.0,1211.5071105199997,0.25,70740,0.16,650.0,1191,17,0.6743375,1211.5071105199997,0.25,0.74,0.06720546633005142,0.00390625,0.00803253062379857,-0.007412014373888572,0.00273864,400,-0.01655908115208149,3e-06,-7.879778861999512,0.2,17.934860547383625
82,652.0,1219.10523114,0.26,70996,0.16,652.0,1191,17,0.6784916666666667,1219.10523114,0.26,0.73,0.06720548868179321,0.005208333333333333,0.008159740439926585,-0.004273573557535808,0.0031466237,403,0.00016264128498733044,3e-06,-15.171724319458008,0.2,17.934871355692547
83,652.0,1219.10523114,0.26,71252,0.16,652.0,1191,17,0.6784916666666667,1219.10523114,0.26,0.73,0.06720543652772903,0.0,0.049136058427393436,-0.0013912821499009926,0.0016251786,406,0.005225980654358864,3e-06,-9.284852981567383,0.2,17.93486754099528
84,652.0,1219.10523114,0.26,71508,0.16,652.0,1191,18,0.6784916666666667,1219.10523114,0.26,0.73,0.06720538437366486,0.009114583333333334,0.008606570462385813,-0.007108279969543219,0.0033162362,409,-0.004107233602553606,3e-06,-16.491823196411133,0.2,17.934884071350098
85,654.0,1227.3122290899998,0.27,71764,0.16,654.0,1191,18,0.6825708333333335,1227.3122290899998,0.27,0.72,0.06720536947250366,0.0,0.009600600072493156,-0.001180030715962251,0.0013992237,412,-0.000245134811848402,3e-06,-5.074896335601807,0.2,17.934889157613117
86,654.0,1227.3122290899998,0.27,72020,0.16,654.0,1192,18,0.6825708333333335,1227.3122290899998,0.27,0.72,0.06720536202192307,0.0,0.05272574039796988,-0.0040192571468651295,0.0010863496,415,0.006183993071317673,3e-06,-36.1473388671875,0.2,17.934892018636067
87,654.0,1227.3122290899998,0.27,72276,0.16,654.0,1192,18,0.6825708333333335,1227.3122290899998,0.27,0.72,0.06720534712076187,0.0013020833333333333,0.009498252688596645,-0.00524171581491828,0.0018898924,418,-0.0005276286974549294,3e-06,-16.142093658447266,0.2,17.934892654418945
88,656.0,1233.4614903699999,0.28,72532,0.16,656.0,1191,18,0.6855166666666667,1233.4614903699999,0.28,0.72,0.06720534712076187,0.0,0.008823715150356293,-0.0011751102283596992,0.001181718,421,0.0005867569707334042,3e-06,-3.6628499031066895,0.2,17.934895197550457
89,656.0,1233.4614903699999,0.28,72788,0.16,656.0,1191,19,0.6855166666666667,1233.4614903699999,0.28,0.72,0.06720533221960068,0.00390625,0.11091010520855586,-0.00899728046109279,0.0013253104,424,0.032565630972385406,3e-06,-0.5173715353012085,0.2,17.9348939259847
90,656.0,1233.4614903699999,0.28,73044,0.16,656.0,1191,19,0.6855166666666667,1233.4614903699999,0.28,0.72,0.06720523536205292,0.0013020833333333333,0.008892955646539727,-0.004324148719509442,0.0012574678,427,-0.0035363822244107723,3e-06,-12.217851638793945,0.2,17.93490473429362
91,658.0,1241.1009098299999,0.29,73300,0.17,658.0,1191,19,0.6889458333333333,1241.1009098299999,0.29,0.72,0.06720513850450516,0.006510416666666667,0.008510293206200004,-0.002840571377115945,0.0029223396,430,0.007784001063555479,3e-06,-4.212673187255859,0.2,17.93492857615153
92,658.0,1241.1009098299999,0.29,73556,0.17,658.0,1191,19,0.6889458333333333,1241.1009098299999,0.29,0.72,0.06720510870218277,0.00390625,0.051681271443764366,-0.005669078168769677,0.0024061885,433,0.006698530167341232,3e-06,-24.921161651611328,0.2,17.9349422454834
93,658.0,1241.1009098299999,0.29,73812,0.17,658.0,1192,19,0.6889458333333333,1241.1009098299999,0.29,0.72,0.06720505654811859,0.0,0.007219179067760706,-0.006198191394408544,0.002276492,436,-0.00456176558509469,3e-06,-6.2952094078063965,0.2,17.93494987487793
94,660.0,1250.05645811,0.3,74068,0.17,660.0,1190,20,0.6934249999999998,1250.05645811,0.3,0.71,0.06720498949289322,0.0013020833333333333,0.008796729147434235,-0.0012858581418792407,0.0020565593,439,0.0004110420122742653,3e-06,-7.92617130279541,0.2,17.934961318969727
95,660.0,1250.05645811,0.3,74324,0.17,660.0,1190,20,0.6934249999999998,1250.05645811,0.3,0.71,0.06720494478940964,0.0,0.19621562709410986,-0.00782220329468449,0.0011795927,442,0.0799141675233841,3e-06,0.11320263147354126,0.2,17.934974988301594
96,660.0,1250.05645811,0.3,74580,0.17,660.0,1190,20,0.6934249999999998,1250.05645811,0.3,0.71,0.06720497459173203,0.0,0.010502915363758802,-0.002712324339275559,0.00065571326,445,-0.0007945233955979347,3e-06,-4.119298458099365,0.2,17.93497880299886
97,662.0,1256.87505083,0.31,74836,0.18,662.0,1190,20,0.6963208333333334,1256.87505083,0.31,0.71,0.06720498949289322,0.0,0.0073709880622724695,-0.005748283118009567,0.0020916502,448,-0.01304208766669035,3e-06,-16.066701889038086,0.2,17.934969584147137
98,662.0,1256.87505083,0.31,75092,0.18,662.0,1190,21,0.6963208333333334,1256.87505083,0.31,0.71,0.06720499694347382,0.005208333333333333,0.04076998153080543,-0.009769730425129334,0.002359439,451,-0.0027787145227193832,3e-06,0.8967657685279846,0.2,17.934969584147137
99,662.0,1256.87505083,0.31,75348,0.18,662.0,1190,21,0.6963208333333334,1256.87505083,0.31,0.71,0.06720494478940964,0.0,0.043968423580129944,-0.0034474562853574753,0.00076979934,454,0.013420775532722473,3e-06,-16.759641647338867,0.2,17.93497085571289
100,664.0,1263.39264814,0.32,75604,0.19,664.0,1190,21,0.6991541666666666,1263.39264814,0.32,0.71,0.06720489263534546,0.0,0.008105012432982525,-0.003261218468348185,0.0011372503,457,-0.00796898826956749,3e-06,-3.4330368041992188,0.2,17.934985160827637
101,664.0,1263.39264814,0.32,75860,0.19,664.0,1190,21,0.6991541666666666,1263.39264814,0.32,0.71,0.0672047957777977,0.0,0.007148961924637358,-0.004426028424253066,0.0018758047,460,0.00015172967687249184,3e-06,-13.123091697692871,0.2,17.93499692281087
102,664.0,1263.39264814,0.32,76116,0.19,664.0,1190,21,0.6991541666666666,1263.39264814,0.32,0.71,0.06720466166734695,0.0,0.05256120301783085,0.0005954797379672527,0.0013186615,463,0.021132294088602066,3e-06,-14.937347412109375,0.2,17.93502076466878
103,664.0,1263.39264814,0.32,76372,0.19,664.0,1190,22,0.6991541666666666,1263.39264814,0.32,0.71,0.06720457971096039,0.0,0.007141032489016652,-0.002930987005432447,0.0005160165,466,-0.001158133614808321,3e-06,-3.517165184020996,0.2,17.935046195983887
104,666.0,1270.4099854,0.33,76628,0.19,666.0,1190,22,0.7022999999999999,1270.4099854,0.33,0.7,0.06720449775457382,0.0,0.009978938537339369,-0.0010416174191050231,0.001057735,469,0.003525364678353071,3e-06,-10.208093643188477,0.2,17.935062408447266
105,666.0,1270.4099854,0.33,76884,0.19,666.0,1189,22,0.7022999999999999,1270.4099854,0.33,0.7,0.06720446050167084,0.0,0.17250336954991022,-0.005102466170986493,0.0009609731,472,0.08609942346811295,3e-06,-1.588921070098877,0.2,17.935076077779133
106,666.0,1270.4099854,0.33,77140,0.19,666.0,1189,22,0.7022999999999999,1270.4099854,0.33,0.7,0.06720446050167084,0.0,0.007686500049506624,-0.004997003202637036,0.0011835466,475,-0.009046467952430248,3e-06,-17.42336654663086,0.2,17.935080846150715
107,668.0,1279.0550958499998,0.34,77396,0.2,668.0,1189,23,0.7066791666666667,1279.0550958499998,0.34,0.7,0.0672045648097992,0.006510416666666667,0.011483512353152037,-0.009484696201980114,0.0033037562,478,-0.0140365120023489,3e-06,-3.0829391479492188,0.2,17.93507194519043
108,668.0,1279.0550958499998,0.34,77652,0.2,668.0,1189,23,0.7066791666666667,1279.0550958499998,0.34,0.7,0.06720464676618576,0.005208333333333333,0.36678117513656616,-0.007982624073823294,0.0030416835,481,0.1767614483833313,3e-06,0.14914441108703613,0.2,17.9350487391154
109,668.0,1279.0550958499998,0.34,77908,0.2,668.0,1189,23,0.7066791666666667,1279.0550958499998,0.34,0.7,0.06720473617315292,0.00390625,0.010488548626502356,-0.0022616666198397675,0.0018141898,484,0.0010054130107164383,3e-06,-5.083001136779785,0.2,17.935034434000652
110,670.0,1287.86432246,0.35,78164,0.21,670.0,1189,23,0.7111750000000001,1287.86432246,0.35,0.7,0.06720475107431412,0.0013020833333333333,0.008727170604591569,-0.008091760488847891,0.0023406174,487,-0.012971339747309685,3e-06,-14.149394035339355,0.2,17.93501853942871
111,670.0,1287.86432246,0.35,78420,0.21,670.0,1189,23,0.7111750000000001,1287.86432246,0.35,0.7,0.06720473617315292,0.0,0.06171599837640921,-0.0021172109991312027,0.0017916337,490,0.01846083253622055,3e-06,-18.456300735473633,0.2,17.93502140045166
112,670.0,1287.86432246,0.35,78676,0.21,670.0,1190,24,0.7111750000000001,1287.86432246,0.35,0.7,0.06720469146966934,0.0026041666666666665,0.008241952552149693,-0.004667714005336165,0.0017307713,493,-0.0036121211014688015,3e-06,-32.07892608642578,0.2,17.93502680460612
113,672.0,1294.6941014899999,0.36,78932,0.21,672.0,1190,24,0.7143041666666666,1294.6941014899999,0.36,0.69,0.06720458716154099,0.0,0.007625136213998,0.0001935038793211182,0.0013162598,496,0.00281247915700078,3e-06,-3.0714969635009766,0.2,17.935040791829426
114,672.0,1294.6941014899999,0.36,79188,0.21,672.0,1190,24,0.7143041666666666,1294.6941014899999,0.36,0.69,0.06720450520515442,0.0,0.059853734293331705,-0.0030610785664369664,0.0014028263,499,0.01687740720808506,3e-06,-19.44124984741211,0.2,17.935061772664387
115,672.0,1294.6941014899999,0.36,79444,0.21,672.0,1190,24,0.7143041666666666,1294.6941014899999,0.36,0.69,0.06720449775457382,0.0,0.008496234814325968,-0.003117620013654232,0.0014025357,502,-0.004296064842492342,3e-06,-32.019256591796875,0.2,17.935073852539062
116,674.0,1304.46903882,0.37,79700,0.21,674.0,1190,24,0.7192375,1304.46903882,0.37,0.68,0.06720452755689621,0.0026041666666666665,0.00974065437912941,-0.005242246513565381,0.0025446434,505,-0.013845352455973625,3e-06,-1.154543399810791,0.2,17.935068766276043
117,674.0,1304.46903882,0.37,79956,0.21,674.0,1190,25,0.7192375,1304.46903882,0.37,0.68,0.06720452755689621,0.0,0.053605882140497364,-0.0071238545545687275,0.0025987157,508,0.01987234316766262,3e-06,-15.827022552490234,0.2,17.935065269470215
118,674.0,1304.46903882,0.37,80212,0.21,674.0,1190,25,0.7192375,1304.46903882,0.37,0.68,0.06720460206270218,0.013020833333333334,0.00772856455296278,-0.006799992173910141,0.0051933555,511,-0.012166001833975315,3e-06,-5.949070930480957,0.2,17.935062408447266
119,676.0,1314.40192263,0.37,80468,0.21,676.0,1190,25,0.7244916666666665,1314.40192263,0.37,0.67,0.06720469146966934,0.00390625,0.007597433015083273,-0.0006859684363007545,0.0028872567,514,0.001390078803524375,3e-06,-8.04407787322998,0.2,17.935041745503742
120,676.0,1314.40192263,0.37,80724,0.21,676.0,1190,25,0.7244916666666665,1314.40192263,0.37,0.67,0.06720466911792755,0.0026041666666666665,0.061403331346809864,-0.003916559663290779,0.0022597143,517,0.02750426158308983,3e-06,-28.88162612915039,0.2,17.935031255086262
121,676.0,1314.40192263,0.37,80980,0.21,676.0,1190,26,0.7244916666666665,1314.40192263,0.37,0.67,0.06720457971096039,0.0,0.009589205030351877,-0.0024765788887937865,0.0016667244,520,0.0030526453629136086,3e-06,-2.8100380897521973,0.2,17.935043652852375
122,678.0,1323.27237651,0.38,81236,0.21,678.0,1190,26,0.7289291666666665,1323.27237651,0.38,0.66,0.06720442324876785,0.0,0.009300062277664741,-0.001985876044879357,0.00092833815,523,0.00402851402759552,3e-06,-9.446974754333496,0.2,17.935065587361652
123,678.0,1323.27237651,0.38,81492,0.21,678.0,1190,26,0.7289291666666665,1323.27237651,0.38,0.66,0.0672043040394783,0.0013020833333333333,0.055148002381126084,-0.0056434931854406995,0.0017013352,526,-0.0001275753602385521,3e-06,-25.926551818847656,0.2,17.9351011912028
124,678.0,1323.27237651,0.38,81748,0.21,678.0,1190,26,0.7289291666666665,1323.27237651,0.38,0.66,0.06720425933599472,0.0013020833333333333,0.008030219003558159,-0.0034291423313940563,0.0017043769,529,-0.002891446929425001,3e-06,-6.41600227355957,0.2,17.935118675231934
125,680.0,1330.33104068,0.39,82004,0.2,680.0,1190,26,0.7320624999999998,1330.33104068,0.39,0.65,0.06720428168773651,0.0013020833333333333,0.007538496206204097,-0.004765538188318412,0.002430693,532,-0.006400932092219591,3e-06,-2.8928496837615967,0.2,17.93512026468913
126,680.0,1330.33104068,0.39,82260,0.2,680.0,1190,27,0.7320624999999998,1330.33104068,0.39,0.65,0.06720428168773651,0.0026041666666666665,0.008488138283913335,-0.00734332933401068,0.0037481003,535,0.005761316046118736,3e-06,-4.395381927490234,0.2,17.935117721557617
127,680.0,1330.33104068,0.39,82516,0.2,680.0,1190,27,0.7320624999999998,1330.33104068,0.39,0.65,0.06720425188541412,0.0026041666666666665,0.06262354056040446,-0.0040096621960401535,0.0026569965,538,0.008055992424488068,3e-06,-45.460330963134766,0.2,17.93511962890625
128,680.0,1330.33104068,0.39,82772,0.2,680.0,1190,27,0.7320624999999998,1330.33104068,0.39,0.65,0.06720422953367233,0.0,0.007863087424387535,-0.0021805575427909694,0.0013755551,541,0.0015973423141986132,3e-06,-6.217779159545898,0.2,17.935125668843586
129,682.0,1337.3264889700001,0.4,83028,0.2,682.0,1189,27,0.7356124999999998,1337.3264889700001,0.4,0.64,0.06720419228076935,0.0013020833333333333,0.008381200954318047,-0.006989582907408476,0.0024512217,544,-0.010208092629909515,3e-06,-2.783064603805542,0.2,17.93512948354085
130,682.0,1337.3264889700001,0.4,83284,0.2,682.0,1190,27,0.7356124999999998,1337.3264889700001,0.4,0.64,0.06720416247844696,0.0013020833333333333,0.18669461334745088,-0.011487829498946667,0.0025313096,547,0.05184663087129593,3e-06,-0.45363807678222656,0.2,17.935137430826824
131,682.0,1337.3264889700001,0.4,83540,0.2,682.0,1190,28,0.7356124999999998,1337.3264889700001,0.4,0.64,0.06720412522554398,0.0,0.010099442520489296,-0.0007722477118174235,0.00097217504,550,0.0017620353028178215,3e-06,-8.194643020629883,0.2,17.93514601389567
132,684.0,1344.9974582300001,0.41,83796,0.21,684.0,1190,28,0.7393541666666664,1344.9974582300001,0.41,0.64,0.06720415502786636,0.0,0.00732468153970937,-0.0038193262492616973,0.0010879305,553,0.000769804697483778,3e-06,-5.622849941253662,0.2,17.93515141805013
133,684.0,1344.9974582300001,0.41,84052,0.21,684.0,1190,28,0.7393541666666664,1344.9974582300001,0.41,0.64,0.06720421463251114,0.0,0.14460965866843858,-0.006028099140773217,0.0011480032,556,0.06323257833719254,3e-06,-1.277517557144165,0.2,17.935139020284016
134,684.0,1344.9974582300001,0.41,84308,0.21,684.0,1190,28,0.7393541666666664,1344.9974582300001,0.41,0.64,0.06720416247844696,0.0,0.00956684754540523,-0.001104267779737711,0.00074330694,559,0.0004734625108540058,3e-06,-5.2489142417907715,0.2,17.935133934020996
135,686.0,1349.25274496,0.42,84564,0.22,686.0,1189,29,0.741245833333333,1349.25274496,0.42,0.65,0.06720414012670517,0.0,0.007948282562817136,-0.0015393756330013275,0.00086669554,562,-0.005292454268783331,3e-06,-8.077471733093262,0.2,17.935147285461426
136,686.0,1349.25274496,0.42,84820,0.22,686.0,1189,29,0.741245833333333,1349.25274496,0.42,0.65,0.06720418483018875,0.0013020833333333333,0.2539932578802109,-0.008129406565179428,0.0011926391,565,0.10974982380867004,3e-06,-0.4900331497192383,0.2,17.93514092763265
137,686.0,1349.25274496,0.42,85076,0.22,686.0,1189,29,0.741245833333333,1349.25274496,0.42,0.65,0.06720418483018875,0.0,0.010623183567076921,-0.00283481040969491,0.0008101929,568,-0.0034421058371663094,3e-06,-2.834991455078125,0.2,17.935136795043945
138,688.0,1357.38138568,0.43,85332,0.23,688.0,1188,29,0.7456624999999998,1357.38138568,0.43,0.65,0.06720417737960815,0.0013020833333333333,0.008129991435756287,-0.0066935219801962376,0.0019526752,571,-0.01280464231967926,3e-06,-5.96456241607666,0.2,17.935136795043945
139,688.0,1357.38138568,0.43,85588,0.23,688.0,1189,29,0.7456624999999998,1357.38138568,0.43,0.65,0.06720413267612457,0.013020833333333334,0.25070684651533764,-0.014263564255088568,0.00447751,574,0.09985016286373138,3e-06,0.6266165971755981,0.2,17.935139973958332
140,688.0,1357.38138568,0.43,85844,0.23,688.0,1189,30,0.7456624999999998,1357.38138568,0.43,0.65,0.0672040581703186,0.0,0.03078120667487383,-0.004067870167394479,0.0013208035,577,0.004837606102228165,3e-06,-0.8544521331787109,0.2,17.935156504313152
141,690.0,1362.34537273,0.44,86100,0.24,690.0,1189,30,0.7475874999999997,1362.34537273,0.44,0.66,0.06720394641160965,0.0,0.009678131435066462,-0.004920755047351122,0.0019125331,580,-0.004826891236007214,3e-06,-2.477515459060669,0.2,17.93517303466797
142,690.0,1362.34537273,0.44,86356,0.24,690.0,1189,30,0.7475874999999997,1362.34537273,0.44,0.66,0.06720387935638428,0.0,0.06818448814253013,-0.001057291403412819,0.0012572776,583,0.017219845205545425,3e-06,-17.631336212158203,0.2,17.935195287068684
143,690.0,1362.34537273,0.44,86612,0.24,690.0,1189,30,0.7475874999999997,1362.34537273,0.44,0.66,0.06720390170812607,0.0,0.010102061710009972,-0.0033893569683035216,0.0019691605,586,-0.002040664665400982,3e-06,-9.416508674621582,0.2,17.935198465983074
144,692.0,1369.59872345,0.45,86868,0.24,692.0,1189,30,0.7513124999999998,1369.59872345,0.45,0.65,0.06720388680696487,0.0013020833333333333,0.009824969960997501,-0.001401216412583987,0.0015041004,589,-0.0008355723693966866,3e-06,-3.096426010131836,0.2,17.93519655863444
145,692.0,1369.59872345,0.45,87124,0.24,692.0,1189,31,0.7513124999999998,1369.59872345,0.45,0.65,0.06720380485057831,0.00390625,0.10713684683044751,-0.010379739726583162,0.0016812107,592,0.02051888220012188,3e-06,0.07087606191635132,0.2,17.935205777486164
146,692.0,1369.59872345,0.45,87380,0.24,692.0,1189,31,0.7513124999999998,1369.59872345,0.45,0.65,0.06720371544361115,0.0,0.010672391237070164,-0.0023768525570631027,0.00071778544,595,0.0009877467527985573,3e-06,-1.0520529747009277,0.2,17.93522580464681
147,694.0,1377.5926631800003,0.46,87636,0.25,694.0,1188,31,0.7556124999999999,1377.5926631800003,0.46,0.65,0.06720364093780518,0.0,0.010629271777967611,-0.003197361327086886,0.0019497203,598,0.0016695093363523483,3e-06,-5.974521160125732,0.2,17.935242017110188
148,694.0,1377.5926631800003,0.46,87892,0.25,694.0,1188,31,0.7556124999999999,1377.5926631800003,0.46,0.65,0.0672035738825798,0.0013020833333333333,0.05962741561233997,-0.007700423089166482,0.0019023437,601,0.005007520318031311,3e-06,0.8432382941246033,0.2,17.935256322224934
149,694.0,1377.5926631800003,0.46,88148,0.25,694.0,1188,32,0.7556124999999999,1377.5926631800003,0.46,0.65,0.06720349937677383,0.0,0.57989734907945,-0.009763622346023718,0.0010890111,604,0.3201482892036438,3e-06,-0.33689117431640625,0.2,17.93527094523112
150,696.0,1383.0567195400001,0.47,88404,0.26,696.0,1188,32,0.7580291666666668,1383.0567195400001,0.47,0.65,0.06720339506864548,0.0,0.009710618449995915,-0.0036211518260339894,0.0014298381,607,-0.0032723844051361084,3e-06,-3.60251522064209,0.2,17.93528874715169
151,696.0,1383.0567195400001,0.47,88660,0.26,696.0,1188,32,0.7580291666666668,1383.0567195400001,0.47,0.65,0.06720324605703354,0.00390625,0.011675711255520582,-0.004606359017391999,0.002817622,610,-0.013654107227921486,3e-06,-13.01558780670166,0.2,17.935314178466797
152,696.0,1383.0567195400001,0.47,88916,0.26,696.0,1188,32,0.7580291666666668,1383.0567195400001,0.47,0.65,0.0672030970454216,0.00390625,0.06491964310407639,-0.007200644351541996,0.0029120573,613,0.040135350078344345,3e-06,-14.731775283813477,0.2,17.935345967610676
153,696.0,1383.0567195400001,0.47,89172,0.26,696.0,1188,32,0.7580291666666668,1383.0567195400001,0.47,0.65,0.06720298528671265,0.005208333333333333,0.009406576864421368,-0.004739460535347462,0.0027594245,616,-0.010533979162573814,3e-06,-2.9861233234405518,0.2,17.935376167297363
154,698.0,1391.1692598900004,0.48,89428,0.26,698.0,1189,33,0.7623333333333333,1391.1692598900004,0.48,0.64,0.06720294803380966,0.00390625,0.011167386546730995,-0.0028548509192963443,0.0027308532,619,-0.007169612217694521,3e-06,-11.832140922546387,0.2,17.935392379760742
155,698.0,1391.1692598900004,0.48,89684,0.26,698.0,1189,33,0.7623333333333333,1391.1692598900004,0.48,0.64,0.06720287352800369,0.0,0.06977376528084278,-0.0012949422622720401,0.0011450637,622,0.016766808927059174,3e-06,-18.786409378051758,0.2,17.935401280721027
156,698.0,1391.1692598900004,0.48,89940,0.26,698.0,1189,33,0.7623333333333333,1391.1692598900004,0.48,0.64,0.06720283627510071,0.0,0.01206176464135448,-0.00215886781613032,0.0009918916,625,-0.0011650491505861282,3e-06,-3.1642937660217285,0.2,17.935415267944336
157,700.0,1398.4314014000004,0.48,90196,0.26,700.0,1189,33,0.7662083333333334,1398.4314014000004,0.48,0.63,0.06720276921987534,0.0,0.012670447894682487,0.000628793922563394,0.0006265838,628,0.00545137282460928,3e-06,-3.3553876876831055,0.2,17.935423215230305
158,700.0,1398.4314014000004,0.48,90452,0.26,700.0,1189,34,0.7662083333333334,1398.4314014000004,0.48,0.63,0.0672026127576828,0.0,0.072879983112216,-0.001789966830983758,0.0007941257,631,0.0300200954079628,3e-06,-21.946409225463867,0.2,17.935443878173828
159,700.0,1398.4314014000004,0.48,90708,0.26,700.0,1189,34,0.7662083333333334,1398.4314014000004,0.48,0.63,0.06720249354839325,0.0,0.010984994315852722,-0.004406529168287913,0.0009659915,634,-0.0037845997139811516,3e-06,-11.506208419799805,0.2,17.93547757466634
160,702.0,1405.8931692600004,0.49,90964,0.26,702.0,1189,34,0.7698625,1405.8931692600004,0.49,0.62,0.06720238924026489,0.0013020833333333333,0.01207579905167222,-0.004386223231752713,0.0020697657,637,-0.0013005295768380165,3e-06,-9.352375984191895,0.2,17.935498873392742
161,702.0,1405.8931692600004,0.49,91220,0.26,702.0,1189,34,0.7698625,1405.8931692600004,0.49,0.62,0.06720231473445892,0.0026041666666666665,0.42074090242385864,-0.009708738226133088,0.002437826,640,0.1737661212682724,3e-06,0.1585087776184082,0.2,17.935519218444824
162,702.0,1405.8931692600004,0.49,91476,0.26,702.0,1189,34,0.7698625,1405.8931692600004,0.49,0.62,0.06720228493213654,0.0,0.050093711664279304,-0.004030646135409673,0.0016916797,643,0.012117026373744011,3e-06,-0.9983313083648682,0.2,17.935530026753742
163,704.0,1409.0363658900003,0.5,91732,0.27,704.0,1188,35,0.7710958333333333,1409.0363658900003,0.5,0.63,0.06720233708620071,0.0026041666666666665,0.014223054982721806,-0.0037329941987991333,0.0016650939,646,-0.0025100698694586754,3e-06,-5.826244354248047,0.2,17.935529708862305
164,704.0,1409.0363658900003,0.5,91988,0.27,704.0,1188,35,0.7710958333333333,1409.0363658900003,0.5,0.63,0.06720234453678131,0.0,0.5462817351023356,-0.006920208999266227,0.0010648859,649,0.28369635343551636,3e-06,0.557878315448761,0.2,17.935519218444824
165,704.0,1409.0363658900003,0.5,92244,0.27,704.0,1188,35,0.7710958333333333,1409.0363658900003,0.5,0.63,0.06720238924026489,0.0,0.027927995659410954,-0.005997814160461227,0.0021055555,652,-0.0027366075664758682,3e-06,-0.43393397331237793,0.2,17.93551794687907
166,706.0,1417.3097999100003,0.5,92500,0.28,706.0,1187,35,0.7754458333333334,1417.3097999100003,0.5,0.63,0.0672023817896843,0.013020833333333334,0.011649849358946085,-0.00982496429545184,0.004486519,655,-0.023620255291461945,3e-06,-5.2136735916137695,0.2,17.935510635375977
167,706.0,1417.3097999100003,0.5,92756,0.28,706.0,1187,35,0.7754458333333334,1417.3097999100003,0.5,0.63,0.06720228493213654,0.0,0.04526256707807382,-0.002720023194948832,0.001654973,658,0.014154953882098198,3e-06,0.051407575607299805,0.2,17.935521443684895
168,706.0,1417.3097999100003,0.5,93012,0.28,706.0,1187,36,0.7754458333333334,1417.3097999100003,0.5,0.63,0.06720221042633057,0.0,0.01256175059825182,-0.0036137190957864127,0.001401637,661,-0.00414795009419322,3e-06,-5.900854110717773,0.2,17.9355411529541
169,708.0,1421.2707106700002,0.51,93268,0.29,708.0,1188,36,0.7774916666666668,1421.2707106700002,0.51,0.64,0.06720220297574997,0.0,0.010503110631058613,-0.008224168171485266,0.0021444585,664,-0.011805873364210129,3e-06,-26.316625595092773,0.2,17.93554941813151
170,708.0,1421.2707106700002,0.51,93524,0.29,708.0,1188,36,0.7774916666666668,1421.2707106700002,0.51,0.64,0.06720238924026489,0.0,0.07490664348006248,0.0019197212532162666,0.0018001026,667,0.049226634204387665,3e-06,-19.981199264526367,0.2,17.9355370203654
171,708.0,1421.2707106700002,0.51,93780,0.29,708.0,1188,36,0.7774916666666668,1421.2707106700002,0.51,0.64,0.06720256805419922,0.005208333333333333,0.49596477051575977,-0.01110326157261928,0.0017299382,670,0.24529951810836792,3e-06,0.02917957305908203,0.2,17.93549346923828
172,710.0,1427.56172866,0.52,94036,0.3,710.0,1187,37,0.7804000000000001,1427.56172866,0.52,0.64,0.06720264256000519,0.0,0.009836848669995865,-0.0031852523485819497,0.000685313,673,-0.005668857134878635,3e-06,-8.400041580200195,0.2,17.93546422322591
173,710.0,1427.56172866,0.52,94292,0.3,710.0,1187,37,0.7804000000000001,1427.56172866,0.52,0.64,0.06720270216464996,0.0013020833333333333,0.13051767895619074,-0.010747699765488505,0.0015861643,676,0.015031879767775536,3e-06,0.4932625889778137,0.2,17.93545405069987
174,710.0,1427.56172866,0.52,94548,0.3,710.0,1187,37,0.7804000000000001,1427.56172866,0.52,0.64,0.06720276176929474,0.0013020833333333333,0.09230356787641843,-0.006463923801978429,0.0020127934,679,0.027787592262029648,3e-06,-0.6677067279815674,0.2,17.93544101715088
175,712.0,1430.9832702099998,0.53,94804,0.31,712.0,1186,37,0.7820374999999999,1430.9832702099998,0.53,0.65,0.06720278412103653,0.0026041666666666665,0.01196032032991449,-0.005746072623878717,0.0029374547,682,-0.011547388508915901,3e-06,-11.006160736083984,0.2,17.935428301493328
176,712.0,1430.9832702099998,0.53,95060,0.31,712.0,1187,37,0.7820374999999999,1430.9832702099998,0.53,0.65,0.06720273196697235,0.0026041666666666665,0.012786074075847864,-0.0037071212815741697,0.00277553,685,-0.004016723483800888,3e-06,-9.240234375,0.2,17.935435612996418
177,712.0,1430.9832702099998,0.53,95316,0.31,712.0,1187,38,0.7820374999999999,1430.9832702099998,0.53,0.65,0.06720266491174698,0.00390625,0.2046942040324211,-0.007785495991508166,0.0024797725,688,0.0976075828075409,3e-06,-0.04031777381896973,0.2,17.93544642130534
178,712.0,1430.9832702099998,0.53,95572,0.31,712.0,1187,38,0.7820374999999999,1430.9832702099998,0.53,0.65,0.0672026127576828,0.0,0.013459589332342148,-0.0033935923129320145,0.00088552805,691,-0.003524661995470524,3e-06,-15.835309982299805,0.2,17.93545945485433
179,714.0,1437.2142239,0.54,95828,0.32,714.0,1187,38,0.7853666666666667,1437.2142239,0.54,0.65,0.06720259040594101,0.00390625,0.011271015585710606,-0.0066436912554005785,0.002769312,694,-0.006048604846000671,3e-06,-3.2530736923217773,0.2,17.935468037923176
180,714.0,1437.2142239,0.54,96084,0.32,714.0,1187,38,0.7853666666666667,1437.2142239,0.54,0.65,0.06720252335071564,0.0,0.07295104302465916,-0.0013081248228748639,0.0024343005,697,0.010870169848203659,3e-06,-13.84718132019043,0.2,17.935475031534832
181,714.0,1437.2142239,0.54,96340,0.32,714.0,1187,39,0.7853666666666667,1437.2142239,0.54,0.65,0.06720250099897385,0.0,0.01069528873388966,-0.0027603486087173223,0.001101655,700,-0.004414561670273542,3e-06,-6.232952117919922,0.2,17.93548583984375
182,716.0,1445.4663886199999,0.55,96596,0.32,716.0,1187,39,0.7896291666666666,1445.4663886199999,0.55,0.64,0.06720244139432907,0.0,0.00966702913865447,-0.0031256346652905145,0.0015408283,703,-0.005155827850103378,3e-06,-6.094228267669678,0.2,17.935491879781086
183,716.0,1445.4663886199999,0.55,96852,0.32,716.0,1188,39,0.7896291666666666,1445.4663886199999,0.55,0.64,0.06720233708620071,0.0,0.07654321286827326,-0.0035919595199326673,0.0014175749,706,-0.0021614646539092064,3e-06,-7.581524848937988,0.2,17.935508410135906
184,716.0,1445.4663886199999,0.55,97108,0.32,716.0,1188,39,0.7896291666666666,1445.4663886199999,0.55,0.64,0.06720224022865295,0.0026041666666666665,0.008923237832883993,-0.00497708849919339,0.0016612003,709,-0.014291036874055862,3e-06,-19.980609893798828,0.2,17.935529390970867
185,718.0,1453.2864543800001,0.55,97364,0.32,718.0,1188,39,0.7930999999999999,1453.2864543800001,0.55,0.63,0.067202128469944,0.0,0.010302489468206963,-0.008657484160115322,0.002446565,712,-0.015376582741737366,3e-06,-6.320016860961914,0.2,17.935552914937336
186,718.0,1453.2864543800001,0.55,97620,0.32,718.0,1188,40,0.7930999999999999,1453.2864543800001,0.55,0.63,0.0672021135687828,0.0,0.07741833152249455,-0.0015560779720544815,0.0016725883,715,0.0195890162140131,3e-06,-16.69371223449707,0.2,17.935569127400715
187,718.0,1453.2864543800001,0.55,97876,0.32,718.0,1188,40,0.7930999999999999,1453.2864543800001,0.55,0.63,0.0672021433711052,0.00390625,0.012836336313436428,-0.009462306431184212,0.0034091207,718,-0.010126734152436256,3e-06,-4.7742390632629395,0.2,17.93556531270345
188,720.0,1458.0391571,0.56,98132,0.32,720.0,1187,40,0.7957708333333333,1458.0391571,0.56,0.63,0.0672021135687828,0.015625,0.011523989494889975,-0.0035973464449246726,0.005892221,721,-0.0005417796783149242,3e-06,-2.261461019515991,0.2,17.935563405354817
189,720.0,1458.0391571,0.56,98388,0.32,720.0,1187,40,0.7957708333333333,1458.0391571,0.56,0.63,0.06720207631587982,0.00390625,0.31349562853574753,-0.009233882650732994,0.0024705143,724,0.12436044961214066,3e-06,0.06066340208053589,0.2,17.93557294209798
190,720.0,1458.0391571,0.56,98644,0.32,720.0,1186,40,0.7957708333333333,1458.0391571,0.56,0.63,0.06720209121704102,0.0,0.03196921261648337,-0.002889650252958139,0.0017874872,727,0.009505089372396469,3e-06,-0.32704734802246094,0.2,17.935576756795246
191,722.0,1462.71276266,0.56,98900,0.33,722.0,1186,41,0.7974666666666665,1462.71276266,0.56,0.63,0.06720208376646042,0.005208333333333333,0.019258688514431316,-0.005717373453080654,0.0032430221,730,0.0009204410016536713,3e-06,-9.957512855529785,0.2,17.935574849446613
192,722.0,1462.71276266,0.56,99156,0.33,722.0,1186,41,0.7974666666666665,1462.71276266,0.56,0.63,0.06720203161239624,0.0013020833333333333,0.07165938864151637,-0.003958201035857201,0.0018460231,733,0.031004436314105988,3e-06,-11.625255584716797,0.2,17.93557866414388
193,722.0,1462.71276266,0.56,99412,0.33,722.0,1186,41,0.7974666666666665,1462.71276266,0.56,0.63,0.06720202416181564,0.0,0.012246930040419102,-0.003361701654891173,0.0015698553,736,-0.001275205984711647,3e-06,-3.860727310180664,0.2,17.93558979034424
194,724.0,1472.74420021,0.56,99668,0.33,724.0,1186,41,0.8029875,1472.74420021,0.56,0.62,0.06720205396413803,0.009114583333333334,0.013144770947595438,-0.004263007082045078,0.004000799,739,-0.0077688805758953094,3e-06,-2.391289472579956,0.2,17.935583750406902
195,724.0,1472.74420021,0.56,99924,0.33,724.0,1186,42,0.8029875,1472.74420021,0.56,0.62,0.06720202416181564,0.009114583333333334,0.08001003414392471,-0.00775491966245075,0.0041648764,742,0.04259611666202545,3e-06,-24.666595458984375,0.2,17.935583750406902
196,724.0,1472.74420021,0.56,100180,0.33,724.0,1186,42,0.8029875,1472.74420021,0.56,0.62,0.06720199435949326,0.010416666666666666,0.44833125670750934,-0.009947980598857006,0.0029561867,745,0.17107510566711426,3e-06,0.3478979468345642,0.2,17.935591061909992
197,726.0,1475.47874534,0.56,100436,0.34,726.0,1185,42,0.8039624999999999,1475.47874534,0.56,0.63,0.06720197945833206,0.0013020833333333333,0.009729439082245031,-0.005673367530107498,0.0022659854,748,-0.012157483026385307,3e-06,-1.6677687168121338,0.2,17.935594240824383
198,726.0,1475.47874534,0.56,100692,0.34,726.0,1185,42,0.8039624999999999,1475.47874534,0.56,0.63,0.06720195710659027,0.0013020833333333333,0.1395695929725965,-0.00852769473567605,0.0024047957,751,0.0470198430120945,3e-06,0.6844853758811951,0.2,17.935599327087402
199,726.0,1475.47874534,0.56,100948,0.34,726.0,1186,42,0.8039624999999999,1475.47874534,0.56,0.63,0.06720186024904251,0.0026041666666666665,0.0355411721393466,-0.0036150055627028146,0.0014335115,754,0.012768948450684547,3e-06,-4.148936748504639,0.2,17.93560791015625
200,728.0,1487.20831051,0.57,101204,0.35,728.0,1185,43,0.810525,1487.20831051,0.57,0.63,0.06720173358917236,0.006510416666666667,0.011434835381805897,-0.007653105383117993,0.0032369073,757,-0.007349757477641106,3e-06,-4.562027454376221,0.2,17.935633023579914
201,728.0,1487.20831051,0.57,101460,0.35,728.0,1185,43,0.810525,1487.20831051,0.57,0.63,0.06720169633626938,0.03515625,0.01174342135588328,-0.008967811862627665,0.0072377147,760,-0.00205968227237463,3e-06,-2.976093292236328,0.2,17.935654004414875
202,728.0,1487.20831051,0.57,101716,0.35,728.0,1185,43,0.810525,1487.20831051,0.57,0.63,0.06720169633626938,0.0,0.158961138377587,-0.0053048233191172285,0.0025193414,763,0.06107582896947861,3e-06,-1.2291443347930908,0.2,17.935655275980633
203,728.0,1487.20831051,0.57,101972,0.35,728.0,1185,43,0.810525,1487.20831051,0.57,0.63,0.06720170378684998,0.0,0.011068462083737055,-0.002848218195140362,0.0020936388,766,0.0011828681454062462,3e-06,-3.4498867988586426,0.2,17.93565305074056
204,730.0,1494.57551519,0.58,102228,0.36,730.0,1185,44,0.8144166666666668,1494.57551519,0.58,0.63,0.06720168143510818,0.0026041666666666665,0.011767174738148848,-0.004085651133209467,0.0018160443,769,-0.003963729832321405,3e-06,-12.373821258544922,0.2,17.935654004414875
205,730.0,1494.57551519,0.58,102484,0.36,730.0,1185,44,0.8144166666666668,1494.57551519,0.58,0.63,0.0672016441822052,0.005208333333333333,0.24092348913351694,-0.011805839215715727,0.0025200935,772,0.10528446733951569,3e-06,0.49543023109436035,0.2,17.9356632232666
206,730.0,1494.57551519,0.58,102740,0.36,730.0,1185,44,0.8144166666666668,1494.57551519,0.58,0.63,0.06720162183046341,0.0,0.013926198395589987,-0.0036926064640283585,0.0017358821,775,-0.003913186956197023,3e-06,-2.465529441833496,0.2,17.9356689453125
207,732.0,1501.9671930899997,0.58,102996,0.37,732.0,1185,44,0.8183708333333335,1501.9671930899997,0.58,0.63,0.06720166653394699,0.013020833333333334,0.010685902088880539,-0.007711239314327638,0.0045709284,778,-0.010611023753881454,3e-06,-13.355951309204102,0.2,17.9356689453125
208,732.0,1501.9671930899997,0.58,103252,0.37,732.0,1185,44,0.8183708333333335,1501.9671930899997,0.58,0.63,0.06720174103975296,0.010416666666666666,0.226138969262441,-0.013622565505405268,0.0038664334,781,0.0642603188753128,3e-06,-0.9267408847808838,0.2,17.93565495808919
209,732.0,1501.9671930899997,0.58,103508,0.37,732.0,1185,45,0.8183708333333335,1501.9671930899997,0.58,0.63,0.06720180064439774,0.0013020833333333333,0.014456497970968485,-0.0038052390639980635,0.0023963868,784,-0.001825524028390646,3e-06,-1.3361968994140625,0.2,17.935640335083008
210,734.0,1508.7396603799998,0.58,103764,0.38,734.0,1185,45,0.8216375,1508.7396603799998,0.58,0.63,0.06720183789730072,0.0,0.014486578448365131,-0.003907470653454463,0.0019194405,787,0.0014613205567002296,3e-06,-6.602960586547852,0.2,17.935629844665527
211,734.0,1508.7396603799998,0.58,104020,0.38,734.0,1185,45,0.8216375,1508.7396603799998,0.58,0.63,0.06720184534788132,0.00390625,0.3431777060031891,-0.009432350595792135,0.0026770981,790,0.15454185009002686,3e-06,-0.0688319206237793,0.2,17.935624758402508
212,734.0,1508.7396603799998,0.58,104276,0.38,734.0,1186,45,0.8216375,1508.7396603799998,0.58,0.63,0.06720192730426788,0.0,0.015658878721296787,-0.0021477025002241135,0.0014919399,793,-0.0005426597781479359,3e-06,-0.6781233549118042,0.2,17.9356206258138
213,736.0,1515.92549122,0.59,104532,0.39,736.0,1185,45,0.8255625000000001,1515.92549122,0.59,0.63,0.06720186024904251,0.01171875,0.012200298408667246,-0.009804093123724064,0.0038996555,796,-0.017704451456665993,3e-06,-2.8492379188537598,0.2,17.93561013539632
214,736.0,1515.92549122,0.59,104788,0.39,736.0,1185,46,0.8255625000000001,1515.92549122,0.59,0.63,0.06720174849033356,0.0078125,0.3052745883663495,-0.008779302549858889,0.0034474665,799,0.15420210361480713,3e-06,-0.07859396934509277,0.2,17.93563238779704
215,736.0,1515.92549122,0.59,105044,0.39,736.0,1186,46,0.8255625000000001,1515.92549122,0.59,0.63,0.0672016590833664,0.006510416666666667,0.500927542646726,-0.011268151613573233,0.0026670424,802,0.2616652548313141,3e-06,0.22765707969665527,0.2,17.93565273284912
216,738.0,1521.1162178900004,0.59,105300,0.4,738.0,1184,46,0.8277125,1521.1162178900004,0.59,0.63,0.0672016367316246,0.009114583333333334,0.011000193965931734,-0.005458171634624402,0.0035461425,805,-0.007468021474778652,3e-06,-0.8602463006973267,0.2,17.935667991638184
217,738.0,1521.1162178900004,0.59,105556,0.4,738.0,1184,46,0.8277125,1521.1162178900004,0.59,0.63,0.06720162183046341,0.00390625,0.18043282876412073,-0.010072798623392979,0.0024927428,808,0.05571730434894562,3e-06,0.18086892366409302,0.2,17.93566958109538
218,738.0,1521.1162178900004,0.59,105812,0.4,738.0,1184,47,0.8277125,1521.1162178900004,0.59,0.63,0.06720158457756042,0.0,0.07680354143182437,-0.0038550621829926968,0.0011119372,811,0.030148319900035858,3e-06,-0.5231847763061523,0.2,17.935673713684082
219,740.0,1528.0009957300003,0.6,106068,0.41,740.0,1184,47,0.8309916666666666,1528.0009957300003,0.6,0.63,0.06720159202814102,0.0078125,0.011831650044769049,-0.004375151203324397,0.0030254263,814,-0.002929049078375101,3e-06,-3.7409377098083496,0.2,17.93568166097005
220,740.0,1528.0009957300003,0.6,106324,0.41,740.0,1184,47,0.8309916666666666,1528.0009957300003,0.6,0.63,0.067201629281044,0.0,0.07404591422528028,-0.0026858566949764886,0.0020732342,817,0.05252093821763992,3e-06,-15.41409683227539,0.2,17.93567403157552
221,740.0,1528.0009957300003,0.6,106580,0.41,740.0,1184,47,0.8309916666666666,1528.0009957300003,0.6,0.63,0.0672016590833664,0.0,0.009650534484535456,-0.0035708354165156684,0.0011325716,820,-0.00239787669852376,3e-06,-6.3951287269592285,0.2,17.935668627421062
222,742.0,1535.5494849300003,0.61,106836,0.41,742.0,1184,47,0.835325,1535.5494849300003,0.61,0.62,0.06720160692930222,0.0,0.011079167015850544,-0.0075546240744491415,0.0024412454,823,-0.008383946493268013,3e-06,-3.907308578491211,0.2,17.935667991638184
223,742.0,1535.5494849300003,0.61,107092,0.41,742.0,1184,48,0.835325,1535.5494849300003,0.61,0.62,0.06720160692930222,0.0026041666666666665,0.10760672017931938,-0.007629729496936004,0.0021728962,826,0.038069821894168854,3e-06,0.6020095944404602,0.2,17.935673077901203
224,742.0,1535.5494849300003,0.61,107348,0.41,742.0,1184,48,0.835325,1535.5494849300003,0.61,0.62,0.06720155477523804,0.0,0.07921330444514751,-0.005378216505050659,0.0012578156,829,0.02646646648645401,3e-06,-0.8436871767044067,0.2,17.935675938924152
225,744.0,1541.6122976800004,0.62,107604,0.42,744.0,1184,48,0.8382958333333331,1541.6122976800004,0.62,0.62,0.06720148026943207,0.0078125,0.012605184689164162,-0.007485295025010903,0.0033827445,832,-0.01765095815062523,3e-06,-1.2947556972503662,0.2,17.935692469278973
226,744.0,1541.6122976800004,0.62,107860,0.42,744.0,1184,48,0.8382958333333331,1541.6122976800004,0.62,0.62,0.0672013908624649,0.0026041666666666665,0.012422357685863972,-0.0006701614086826643,0.003109044,835,0.006613793782889843,3e-06,-9.254228591918945,0.2,17.93570836385091
227,744.0,1541.6122976800004,0.62,108116,0.42,744.0,1184,49,0.8382958333333331,1541.6122976800004,0.62,0.62,0.06720136106014252,0.0026041666666666665,0.7558768590291342,-0.008468881559868654,0.0016651275,838,0.40262147784233093,3e-06,-0.06598460674285889,0.2,17.935723304748535
228,744.0,1541.6122976800004,0.62,108372,0.42,744.0,1184,49,0.8382958333333331,1541.6122976800004,0.62,0.62,0.06720133125782013,0.0,0.010736063122749329,-0.004977290518581867,0.0011890207,841,-0.011990855447947979,3e-06,-15.595861434936523,0.2,17.93572934468587
229,746.0,1545.0497150100005,0.63,108628,0.43,746.0,1184,49,0.8397249999999998,1545.0497150100005,0.63,0.63,0.0672011598944664,0.0,0.011935291656603416,-0.001127923062692086,0.0013664667,844,0.0032920101657509804,3e-06,-3.407280921936035,0.2,17.935744285583496
230,746.0,1545.0497150100005,0.63,108884,0.43,746.0,1184,49,0.8397249999999998,1545.0497150100005,0.63,0.63,0.06720103323459625,0.0026041666666666665,0.19032624488075575,-0.008526821620762348,0.0019521613,847,0.10563670098781586,3e-06,0.018398046493530273,0.2,17.935781796773274
231,746.0,1545.0497150100005,0.63,109140,0.43,746.0,1184,49,0.8397249999999998,1545.0497150100005,0.63,0.63,0.06720103323459625,0.0026041666666666665,0.01493323827162385,-0.004419554956257343,0.0020524568,850,-0.010369453579187393,3e-06,-3.5342674255371094,0.2,17.935792922973633
232,748.0,1550.76993055,0.63,109396,0.44,748.0,1184,50,0.8425416666666667,1550.76993055,0.63,0.63,0.06720113009214401,0.014322916666666666,0.012900680303573608,-0.006988891478007038,0.005468851,853,-0.009950198233127594,3e-06,-5.15526819229126,0.2,17.935784975687664
233,748.0,1550.76993055,0.63,109652,0.44,748.0,1184,50,0.8425416666666667,1550.76993055,0.63,0.63,0.06720126420259476,0.016927083333333332,0.08299296923602621,-0.006405783661951621,0.005070666,856,0.06099565327167511,3e-06,-19.228374481201172,0.2,17.93576208750407
234,748.0,1550.76993055,0.63,109908,0.44,748.0,1184,50,0.8425416666666667,1550.76993055,0.63,0.63,0.06720136106014252,0.0013020833333333333,0.009594415004054705,-0.005750643089413643,0.0028193637,859,-0.003411860205233097,3e-06,-3.9920058250427246,0.2,17.93573760986328
235,750.0,1556.77588601,0.63,110164,0.44,750.0,1184,50,0.8459166666666667,1556.77588601,0.63,0.63,0.06720135360956192,0.0,0.010038502359141907,-0.0027763458589712777,0.0023394432,862,-0.006978136021643877,3e-06,-2.5810368061065674,0.2,17.935725847880047
