time/total_timesteps,time/iterations,time/time_elapsed,time/fps,train/clip_fraction,train/explained_variance,train/std,train/approx_kl,train/n_updates,train/loss,train/policy_gradient_loss,train/clip_range,train/learning_rate,train/value_loss,train/entropy_loss,episodes/stand_fraction,episodes/recovered,rollout/success_rate,episodes/is_success,rollout/ep_len_mean,episodes/r,episodes/l,episodes/fell,rollout/ep_rew_mean
1536,1,0,2448,,,,,,,,,,,,,,,,,,,,
3072,2,1,1980,0.18606770833333333,-0.25167202949523926,0.13533705472946167,0.01642883,5,1.757700800895691,-0.03151924125850201,0.2,1e-05,3.4671257972717284,8.134757010142009,,,,,,,,,
4608,3,2,2131,0.14765625,-3.588897228240967,0.1353335678577423,0.010787657,10,0.12397822737693787,-0.012661944919576248,0.2,1e-05,0.294943834344546,8.134805425008137,0.5747222222222222,0.16666666666666666,0.0,0.0,600.0,1000.8189871666667,600.0,0.8333333333333334,1000.8189871666667
6144,4,2,2232,0.110546875,-3.591475486755371,0.1353306621313095,0.015577256,15,0.2608262300491333,-0.03138946392573416,0.2,1e-05,0.6648601790269216,8.135205554962159,0.5747222222222222,0.16666666666666666,0.0,0.0,600.0,1000.8189871666667,600.0,0.8333333333333334,1000.8189871666667
7680,5,3,2255,0.09973958333333334,-5.392871856689453,0.1353297084569931,0.010105173,20,0.09844043850898743,-0.012350352418919405,0.2,1e-05,0.2506868009765943,8.135362180074056,0.5877777777777777,0.08333333333333333,0.0,0.0,600.0,1005.5838926666669,600.0,0.9166666666666666,1005.5838926666669
9216,6,4,2273,0.08190104166666666,-0.6791372299194336,0.1353350579738617,0.015024138,25,0.10688937455415726,-0.029196596456070742,0.2,1e-05,0.4156204770008723,8.13523244857788,0.5877777777777777,0.08333333333333333,0.0,0.0,600.0,1005.5838926666669,600.0,0.9166666666666666,1005.5838926666669
10752,7,4,2288,0.08880208333333334,-0.6411541700363159,0.13533689081668854,0.0174439,30,0.21433025598526,-0.029743287774423758,0.2,1e-05,0.491533691684405,8.134742005666096,0.5877777777777777,0.08333333333333333,0.0,0.0,600.0,1005.5838926666669,600.0,0.9166666666666666,1005.5838926666669
12288,8,5,2307,0.110546875,-5.626604080200195,0.13533465564250946,0.008240755,35,0.07274632900953293,-0.011596554797142744,0.2,1e-05,0.18985334783792496,8.134775225321452,0.5755555555555555,0.1111111111111111,0.0,0.0,600.0,981.1012423888886,600.0,0.9444444444444444,981.1012423888886
13824,9,5,2318,0.092578125,-2.914186716079712,0.135332390666008,0.016265022,40,0.15762455761432648,-0.033205287127445145,0.2,1e-05,0.43794829547405245,8.135081005096435,0.5755555555555555,0.1111111111111111,0.0,0.0,600.0,981.1012423888886,600.0,0.9444444444444444,981.1012423888886
15360,10,6,2287,0.09583333333333334,-6.965842247009277,0.13533271849155426,0.008430723,45,0.06461399793624878,-0.007586427157123884,0.2,1e-05,0.17503327379624048,8.13514035542806,0.5875,0.08333333333333333,0.0,0.0,600.0,1008.8422683333333,600.0,0.875,1008.8422683333333
16896,11,7,2296,0.08971354166666666,-0.994047999382019,0.13533437252044678,0.016037393,50,0.1503640115261078,-0.02997153498387585,0.2,1e-05,0.4576428959767024,8.135057417551677,0.5875,0.08333333333333333,0.0,0.0,600.0,1008.8422683333333,600.0,0.875,1008.8422683333333
18432,12,7,2311,0.11041666666666666,-7.153225898742676,0.13532754778862,0.008127992,55,0.06656330823898315,-0.013827180272589128,0.2,1e-05,0.17835473517576853,8.135203615824382,0.589888888888889,0.06666666666666667,0.0,0.0,600.0,1016.1687426000002,600.0,0.8666666666666667,1016.1687426000002
19968,13,8,2316,0.066015625,-2.022359848022461,0.13532191514968872,0.012814477,60,0.08096051961183548,-0.022069485221679012,0.2,1e-05,0.25461252133051554,8.13598992029826,0.589888888888889,0.06666666666666667,0.0,0.0,600.0,1016.1687426000002,600.0,0.8666666666666667,1016.1687426000002
21504,14,9,2333,0.11419270833333334,-3.7558493614196777,0.13532263040542603,0.016143898,65,0.08062125742435455,-0.028575415536761285,0.2,1e-05,0.2876542150974274,8.136263942718506,0.589888888888889,0.06666666666666667,0.0,0.0,600.0,1016.1687426000002,600.0,0.8666666666666667,1016.1687426000002
23040,15,9,2342,0.12916666666666668,-7.753554344177246,0.1353161782026291,0.008377721,70,0.0449955016374588,-0.012148714608823259,0.2,1e-05,0.13326812808712324,8.13642765680949,0.5931481481481481,0.05555555555555555,0.0,0.0,600.0,1024.9454896944444,600.0,0.8333333333333334,1024.9454896944444
24576,16,10,2335,0.11966145833333333,0.13388991355895996,0.1353130340576172,0.016829047,75,0.17793074250221252,-0.033497808532168466,0.2,1e-05,0.42526249786218007,8.137041378021241,0.5931481481481481,0.05555555555555555,0.0,0.0,600.0,1024.9454896944444,600.0,0.8333333333333334,1024.9454896944444
26112,17,11,2347,0.07565104166666667,-0.3157222270965576,0.13531586527824402,0.009469986,80,0.05528701841831207,-0.015226651774719357,0.2,1e-05,0.19270422210295995,8.137080001831055,0.5889285714285715,0.047619047619047616,0.0,0.0,600.0,1021.3264511428572,600.0,0.8095238095238095,1021.3264511428572
27648,18,11,2354,0.09609375,0.17093026638031006,0.1353156715631485,0.01488776,85,0.14900191128253937,-0.030020592330644528,0.2,1e-05,0.3799384405215581,8.136804485321045,0.5889285714285715,0.047619047619047616,0.0,0.0,600.0,1021.3264511428572,600.0,0.8095238095238095,1021.3264511428572
29184,19,12,2367,0.13541666666666666,-1.909965991973877,0.13531562685966492,0.014022815,90,0.056023307144641876,-0.020541382891436418,0.2,1e-05,0.188893885910511,8.13689546585083,0.5822569444444444,0.041666666666666664,0.0,0.0,600.0,1013.0202643958334,600.0,0.8333333333333334,1013.0202643958334
30720,20,12,2374,0.11653645833333333,-1.2584376335144043,0.13531164824962616,0.017180376,95,0.056341253221035004,-0.02651363561550776,0.2,1e-05,0.2579246088862419,8.137022336324057,0.5822569444444444,0.041666666666666664,0.0,0.0,600.0,1013.0202643958334,600.0,0.8333333333333334,1013.0202643958334
32256,21,13,2382,0.09869791666666666,-0.3270026445388794,0.13531793653964996,0.017993204,100,0.031221196055412292,-0.0254516302763174,0.2,1e-05,0.16065118511517842,8.137127558390299,0.5822569444444444,0.041666666666666664,0.0,0.0,600.0,1013.0202643958334,600.0,0.8333333333333334,1013.0202643958334
33792,22,14,2380,0.15416666666666667,-7.089353561401367,0.13531999289989471,0.0108179,105,0.016780732199549675,-0.01342999244419237,0.2,1e-05,0.10594381441672643,8.136460113525391,0.5835802469135802,0.037037037037037035,0.0,0.0,600.0,1017.9944704074073,600.0,0.8148148148148148,1017.9944704074073
35328,23,14,2385,0.07252604166666667,-0.16678297519683838,0.1353190392255783,0.012094267,110,0.16006313264369965,-0.027791797447328768,0.2,1e-05,0.5087032993634542,8.136500263214112,0.5835802469135802,0.037037037037037035,0.0,0.0,600.0,1017.9944704074073,600.0,0.8148148148148148,1017.9944704074073
36864,24,15,2378,0.15442708333333333,-5.5625200271606445,0.1353198140859604,0.011380586,115,0.024097181856632233,-0.014621561610450346,0.2,1e-05,0.09410420407851537,8.136537742614745,0.5864722222222222,0.03333333333333333,0.0,0.0,600.0,1025.7722796333333,600.0,0.7666666666666667,1025.7722796333333
38400,25,16,2375,0.101953125,-0.11347436904907227,0.13532033562660217,0.016727047,120,0.12403590977191925,-0.03165807253681123,0.2,1e-05,0.38589774270852406,8.136435635884602,0.5864722222222222,0.03333333333333333,0.0,0.0,600.0,1025.7722796333333,600.0,0.7666666666666667,1025.7722796333333
39936,26,16,2374,0.10494791666666667,-2.6412246227264404,0.13531264662742615,0.009520955,125,0.02287578210234642,-0.013190354344745477,0.2,1e-05,0.09649982253710429,8.136689154307048,0.584570707070707,0.045454545454545456,0.0,0.0,600.0,1025.1753245606062,600.0,0.7878787878787878,1025.1753245606062
41472,27,17,2372,0.09440104166666667,0.3046513795852661,0.135309100151062,0.016112631,130,0.05556785687804222,-0.027476469318692884,0.2,1e-05,0.17431239982446034,8.137425549825032,0.584570707070707,0.045454545454545456,0.0,0.0,600.0,1025.1753245606062,600.0,0.7878787878787878,1025.1753245606062
43008,28,18,2369,0.11875,0.23499196767807007,0.13530465960502625,0.018029764,135,0.08147117495536804,-0.028336021645615498,0.2,1e-05,0.28689706375201546,8.137746620178223,0.584570707070707,0.045454545454545456,0.0,0.0,600.0,1025.1753245606062,600.0,0.7878787878787878,1025.1753245606062
44544,29,18,2371,0.08489583333333334,-7.0176801681518555,0.13530369102954865,0.0075315586,140,0.014359651133418083,-0.008855327187726894,0.2,1e-05,0.07068691651026408,8.138101704915364,0.5803935185185184,0.041666666666666664,0.0,0.0,600.0,1021.0506743194443,600.0,0.7916666666666666,1021.0506743194443
46080,30,19,2341,0.116015625,0.08894526958465576,0.13530436158180237,0.016386902,145,0.15313316881656647,-0.03223676883305113,0.2,1e-05,0.36638850073019663,8.138075129191082,0.5803935185185184,0.041666666666666664,0.0,0.0,600.0,1021.0506743194443,600.0,0.7916666666666666,1021.0506743194443
47616,31,20,2362,0.10234375,0.008812785148620605,0.13530418276786804,0.012164388,150,0.03263617306947708,-0.015224219439551235,0.2,1e-05,0.12531953876217206,8.138042736053468,0.5762820512820511,0.038461538461538464,0.0,0.0,600.0,1016.6144253717948,600.0,0.8076923076923077,1016.6144253717948
49152,32,20,2387,0.10442708333333334,0.36870622634887695,0.1353038102388382,0.016565436,155,0.08859850466251373,-0.03247776074955861,0.2,1e-05,0.32500601013501484,8.138117218017578,0.5762820512820511,0.038461538461538464,0.0,0.0,600.0,1016.6144253717948,600.0,0.8076923076923077,1016.6144253717948
50688,33,21,2403,0.11119791666666666,0.5063287019729614,0.13529936969280243,0.01720748,160,0.050194572657346725,-0.025709859452520807,0.2,1e-05,0.16667987455924352,8.138268979390462,0.5732936507936508,0.03571428571428571,0.0,0.0,600.0,1011.9768628571428,600.0,0.8095238095238095,1011.9768628571428
52224,34,21,2422,0.13033854166666667,0.6033936738967896,0.1352948397397995,0.01662138,165,0.04081573337316513,-0.024266984468946855,0.2,1e-05,0.14301465973258018,8.138823254903157,0.5732936507936508,0.03571428571428571,0.0,0.0,600.0,1011.9768628571428,600.0,0.8095238095238095,1011.9768628571428
53760,35,21,2443,0.09921875,0.4915763735771179,0.13529911637306213,0.017072551,170,0.0536932535469532,-0.029967633339886866,0.2,1e-05,0.22234089225530623,8.138896147410074,0.5732936507936508,0.03571428571428571,0.0,0.0,600.0,1011.9768628571428,600.0,0.8095238095238095,1011.9768628571428
55296,36,22,2465,0.11744791666666667,-3.479252815246582,0.13529834151268005,0.009237963,175,0.007235892117023468,-0.009021594212390483,0.2,1e-05,0.04894473267098268,8.13855536778768,0.5723148148148148,0.03333333333333333,0.0,0.0,600.0,1012.4569972888888,600.0,0.8222222222222222,1012.4569972888888
56832,37,22,2484,0.098046875,0.40413010120391846,0.13529238104820251,0.015062291,180,0.08982419967651367,-0.029962099483236672,0.2,1e-05,0.25634525616963705,8.13900047938029,0.5723148148148148,0.03333333333333333,0.0,0.0,600.0,1012.4569972888888,600.0,0.8222222222222222,1012.4569972888888
58368,38,23,2502,0.0984375,-5.772469997406006,0.13529615104198456,0.009378781,185,0.01724579930305481,-0.007590693693297605,0.2,1e-05,0.051468366260329884,8.139203294118245,0.5754513888888889,0.03125,0.0,0.0,600.0,1018.163173125,600.0,0.8125,1018.163173125
59904,39,23,2522,0.12825520833333334,0.727074146270752,0.13529521226882935,0.022760501,190,0.06318889558315277,-0.0347556773883601,0.2,1e-05,0.26325837622086207,8.138874944051107,0.5754513888888889,0.03125,0.0,0.0,600.0,1018.163173125,600.0,0.8125,1018.163173125
61440,40,24,2540,0.1046875,0.389645516872406,0.1352943331003189,0.017174328,195,0.0323934368789196,-0.024450646170104545,0.2,1e-05,0.14661505023638408,8.139058589935303,0.5751833333333334,0.02,0.0,0.0,600.0,1018.3548186599999,600.0,0.82,1018.3548186599999
62976,41,24,2552,0.09947916666666666,0.6021614074707031,0.13529327511787415,0.012230559,200,0.019172310829162598,-0.019811124727129936,0.2,1e-05,0.10529798542459806,8.13915948867798,0.5751833333333334,0.02,0.0,0.0,600.0,1018.3548186599999,600.0,0.82,1018.3548186599999
64512,42,25,2565,0.10052083333333334,0.658044695854187,0.13529527187347412,0.01547163,205,0.025501985102891922,-0.027655945671722294,0.2,1e-05,0.15700931400060653,8.13911813100179,0.5751833333333334,0.02,0.0,0.0,600.0,1018.3548186599999,600.0,0.82,1018.3548186599999
66048,43,25,2580,0.16223958333333333,-4.003519535064697,0.13529494404792786,0.014881517,210,0.007470179349184036,-0.01631999886594713,0.2,1e-05,0.044961424296100935,8.138994407653808,0.5735166666666668,0.03,0.0,0.0,600.0,1019.2991891199999,600.0,0.82,1019.2991891199999
67584,44,26,2595,0.10377604166666667,0.44257426261901855,0.13529065251350403,0.017506158,215,0.1184847503900528,-0.02952883569523692,0.2,1e-05,0.3525345305601756,8.139212512969971,0.5735166666666668,0.03,0.0,0.0,600.0,1019.2991891199999,600.0,0.82,1019.2991891199999
69120,45,26,2611,0.13411458333333334,-3.477785587310791,0.13528986275196075,0.011143441,220,-0.0003436114639043808,-0.014511548223284383,0.2,1e-05,0.051128196592132254,8.139557488759358,0.5712333333333333,0.03,0.0,0.0,600.0,1019.07358031,600.0,0.81,1019.07358031
70656,46,26,2627,0.10182291666666667,0.6831333637237549,0.13529150187969208,0.015946133,225,0.09132601320743561,-0.029259228613227606,0.2,1e-05,0.27446206907431286,8.139506276448568,0.5712333333333333,0.03,0.0,0.0,600.0,1019.07358031,600.0,0.81,1019.07358031
72192,47,27,2639,0.10104166666666667,0.32890135049819946,0.13529182970523834,0.014216925,230,0.025680027902126312,-0.02481308512700101,0.2,1e-05,0.1749505673845609,8.139369297027589,0.5677,0.03,0.0,0.0,600.0,1019.19067608,600.0,0.81,1019.19067608
73728,48,27,2653,0.12330729166666667,0.3658790588378906,0.13529442250728607,0.014728391,235,0.037130191922187805,-0.023953073906401792,0.2,1e-05,0.15389333814382553,8.139265950520834,0.5677,0.03,0.0,0.0,600.0,1019.19067608,600.0,0.81,1019.19067608
75264,49,28,2664,0.1125,0.5789157152175903,0.13529549539089203,0.016743196,240,0.028945833444595337,-0.02864387274409334,0.2,1e-05,0.17743887553612392,8.138996442159018,0.5677,0.03,0.0,0.0,600.0,1019.19067608,600.0,0.81,1019.19067608
76800,50,28,2675,0.15013020833333332,-5.574120998382568,0.1352955847978592,0.0092957355,245,0.0039014508947730064,-0.013520739180967212,0.2,1e-05,0.038429945210615796,8.13897844950358,0.5653666666666667,0.03,0.0,0.0,600.0,1019.9814227900001,600.0,0.82,1019.9814227900001
78336,51,29,2685,0.10208333333333333,0.4699273109436035,0.13529197871685028,0.0141954785,250,0.1598217487335205,-0.027918526111170648,0.2,1e-05,0.354583935936292,8.139096959431965,0.5653666666666667,0.03,0.0,0.0,600.0,1019.9814227900001,600.0,0.82,1019.9814227900001
79872,52,29,2699,0.080859375,-2.9602644443511963,0.1352885216474533,0.0075389706,255,0.008150247856974602,-0.006859150109812617,0.2,1e-05,0.036520805954933164,8.13953447341919,0.5599999999999999,0.03,0.0,0.0,600.0,1014.8937223400001,600.0,0.82,1014.8937223400001
81408,53,30,2706,0.103125,0.7212896347045898,0.13528887927532196,0.015052628,260,0.05332516133785248,-0.03117236290127039,0.2,1e-05,0.19744978497425716,8.139740371704102,0.5599999999999999,0.03,0.0,0.0,600.0,1014.8937223400001,600.0,0.82,1014.8937223400001
82944,54,30,2716,0.10768229166666667,-0.30417394638061523,0.13528671860694885,0.011048143,265,0.00308198481798172,-0.02159227216616273,0.2,1e-05,0.07712536081671714,8.139690748850505,0.5539999999999999,0.03,0.0,0.0,600.0,1009.1549286700001,600.0,0.84,1009.1549286700001
84480,55,31,2723,0.12981770833333334,0.5501515865325928,0.13528253138065338,0.0134172635,270,0.0016010068356990814,-0.021293850181003413,0.2,1e-05,0.07481527030467987,8.140120601654052,0.5539999999999999,0.03,0.0,0.0,600.0,1009.1549286700001,600.0,0.84,1009.1549286700001
86016,56,31,2730,0.11666666666666667,0.6206387281417847,0.13527913391590118,0.01733586,275,0.050555914640426636,-0.030667602111740657,0.2,1e-05,0.2670557578404745,8.140458647410075,0.5539999999999999,0.03,0.0,0.0,600.0,1009.1549286700001,600.0,0.84,1009.1549286700001
87552,57,31,2738,0.17447916666666666,-2.984534740447998,0.13527439534664154,0.0129631655,280,0.003959281370043755,-0.014489775802940131,0.2,1e-05,0.02526731472462416,8.140878613789877,0.5538833333333334,0.03,0.0,0.0,600.0,1011.7069387000001,600.0,0.83,1011.7069387000001
89088,58,32,2744,0.07434895833333334,0.5183553695678711,0.13526523113250732,0.010907344,285,0.09142273664474487,-0.02470331753914555,0.2,1e-05,0.2911218876640002,8.141586875915527,0.5538833333333334,0.03,0.0,0.0,600.0,1011.7069387000001,600.0,0.83,1011.7069387000001
90624,59,32,2750,0.121875,-3.325349807739258,0.13526225090026855,0.0077665993,290,-0.004628600552678108,-0.012133086752146482,0.2,1e-05,0.027386709799369177,8.142328770955404,0.5530000000000002,0.03,0.0,0.0,600.0,1013.3790977299999,600.0,0.81,1013.3790977299999
92160,60,33,2758,0.09674479166666666,0.7662360668182373,0.1352585107088089,0.0146303,295,-0.00608883798122406,-0.028184270039976884,0.2,1e-05,0.11066834156711897,8.142577266693115,0.5530000000000002,0.03,0.0,0.0,600.0,1013.3790977299999,600.0,0.81,1013.3790977299999
93696,61,33,2768,0.09791666666666667,0.3134418725967407,0.13524970412254333,0.010531682,300,-0.004291687160730362,-0.019674242412050565,0.2,1e-05,0.08492096439003945,8.14319896697998,0.5502166666666667,0.03,0.0,0.0,600.0,1013.9608038000001,600.0,0.82,1013.9608038000001
95232,62,34,2777,0.0984375,0.09671640396118164,0.13524465262889862,0.0079139825,305,0.012677179649472237,-0.012651309363233547,0.2,1e-05,0.046354896016418935,8.14403657913208,0.5502166666666667,0.03,0.0,0.0,600.0,1013.9608038000001,600.0,0.82,1013.9608038000001
96768,63,34,2784,0.12682291666666667,0.6993603706359863,0.1352463811635971,0.020105474,310,0.04158331826329231,-0.03486423972838869,0.2,1e-05,0.19317273696263632,8.144202709197998,0.5502166666666667,0.03,0.0,0.0,600.0,1013.9608038000001,600.0,0.82,1013.9608038000001
98304,64,35,2792,0.127734375,-6.330681324005127,0.1352480947971344,0.009480782,315,-0.01444768812507391,-0.011513853662957747,0.2,1e-05,0.020757610661288103,8.143954149882,0.54515,0.03,0.0,0.0,600.0,1006.86186526,600.0,0.84,1006.86186526
99840,65,35,2800,0.13411458333333334,0.711764931678772,0.13524749875068665,0.01589529,320,0.012740898877382278,-0.031230278204505642,0.2,1e-05,0.1628220816453298,8.143871625264486,0.54515,0.03,0.0,0.0,600.0,1006.86186526,600.0,0.84,1006.86186526
101376,66,36,2808,0.14934895833333334,0.19928687810897827,0.13524754345417023,0.013700576,325,-0.016402918845415115,-0.017134178305665652,0.2,1e-05,0.028277593106031416,8.143968931833903,0.5455833333333333,0.02,0.0,0.0,600.0,1009.5076722200001,600.0,0.83,1009.5076722200001
102912,67,36,2813,0.12669270833333332,0.8006014823913574,0.1352478265762329,0.01566346,330,0.028861545026302338,-0.023067211421827476,0.2,1e-05,0.09844807883103689,8.143896452585857,0.5455833333333333,0.02,0.0,0.0,600.0,1009.5076722200001,600.0,0.83,1009.5076722200001
104448,68,37,2822,0.15455729166666668,0.47727423906326294,0.13524648547172546,0.017694762,335,-0.022537343204021454,-0.022322378354147077,0.2,1e-05,0.0460860975086689,8.143993790944418,0.5485833333333333,0.02,0.0,0.0,600.0,1016.9860230799999,600.0,0.81,1016.9860230799999
105984,69,37,2831,0.10338541666666666,0.5515445470809937,0.13523977994918823,0.010210466,340,-0.0034181680530309677,-0.014416958764195442,0.2,1e-05,0.030871708566943806,8.144326527913412,0.5485833333333333,0.02,0.0,0.0,600.0,1016.9860230799999,600.0,0.81,1016.9860230799999
107520,70,37,2837,0.12408854166666666,0.6580518484115601,0.13523568212985992,0.015192992,345,0.044285789132118225,-0.02933277307699124,0.2,1e-05,0.22059823274612428,8.144992860158284,0.5485833333333333,0.02,0.0,0.0,600.0,1016.9860230799999,600.0,0.81,1016.9860230799999
109056,71,38,2844,0.14596354166666667,-1.7084009647369385,0.13523128628730774,0.009306401,350,-0.00771280936896801,-0.011850800535952052,0.2,1e-05,0.01828675561894973,8.145394007364908,0.5491166666666667,0.02,0.0,0.0,600.0,1023.14215418,600.0,0.8,1023.14215418
110592,72,38,2850,0.11770833333333333,0.6595821380615234,0.13523028790950775,0.014308057,355,0.03036544844508171,-0.028029615214715402,0.2,1e-05,0.18689632912476858,8.145727284749348,0.5491166666666667,0.02,0.0,0.0,600.0,1023.14215418,600.0,0.8,1023.14215418
112128,73,39,2855,0.14505208333333333,-1.299795389175415,0.1352306753396988,0.012966757,360,-0.014489438384771347,-0.017540800338611006,0.2,1e-05,0.025731864261130492,8.145698579152425,0.5478000000000001,0.02,0.0,0.0,600.0,1024.77411061,600.0,0.79,1024.77411061
113664,74,39,2861,0.129296875,0.8397042155265808,0.13523030281066895,0.017104445,365,-0.013878770172595978,-0.027980882038051883,0.2,1e-05,0.08812341776986916,8.145677344004314,0.5478000000000001,0.02,0.0,0.0,600.0,1024.77411061,600.0,0.79,1024.77411061
115200,75,40,2866,0.11640625,0.2992742657661438,0.13523080945014954,0.013703208,370,-0.009474996477365494,-0.022154951545720298,0.2,1e-05,0.05186722005407016,8.145718320210774,0.5449333333333333,0.02,0.0,0.0,600.0,1023.96910791,600.0,0.78,1023.96910791
116736,76,40,2873,0.11184895833333333,-3.825127124786377,0.13522838056087494,0.007291457,375,-0.020071933045983315,-0.008778568683192134,0.2,1e-05,0.017420049601544935,8.145766894022623,0.5449333333333333,0.02,0.0,0.0,600.0,1023.96910791,600.0,0.78,1023.96910791
118272,77,41,2881,0.16041666666666668,0.6498183012008667,0.13522367179393768,0.020211825,380,0.022536270320415497,-0.034495441770801945,0.2,1e-05,0.18899454176425934,8.146146297454834,0.5449333333333333,0.02,0.0,0.0,600.0,1023.96910791,600.0,0.78,1023.96910791
119808,78,41,2887,0.13268229166666667,-5.010986328125,0.13522055745124817,0.012439832,385,-0.006753575522452593,-0.009844366119553645,0.2,1e-05,0.01454295174529155,8.14655097325643,0.5418000000000001,0.02,0.0,0.0,600.0,1020.33658671,600.0,0.79,1020.33658671
121344,79,41,2895,0.11236979166666666,0.7657310962677002,0.13521744310855865,0.016469492,390,0.012957550585269928,-0.02973424270749092,0.2,1e-05,0.14967333873112995,8.146894296010336,0.5418000000000001,0.02,0.0,0.0,600.0,1020.33658671,600.0,0.79,1020.33658671
122880,80,42,2901,0.14375,-0.2982487678527832,0.13521221280097961,0.011177517,395,-0.016182836145162582,-0.01715041451777021,0.2,1e-05,0.03007823886970679,8.147273858388266,0.5364666666666666,0.01,0.0,0.0,600.0,1016.7388446600002,600.0,0.78,1016.7388446600002
124416,81,42,2907,0.11875,0.7806787490844727,0.1352098137140274,0.015200387,400,0.0087883360683918,-0.027782868361100554,0.2,1e-05,0.11588656877477964,8.147736199696858,0.5364666666666666,0.01,0.0,0.0,600.0,1016.7388446600002,600.0,0.78,1016.7388446600002
125952,82,43,2913,0.12135416666666667,0.6402122974395752,0.1352095603942871,0.013987367,405,0.009479083120822906,-0.028093849898626407,0.2,1e-05,0.11505778928597768,8.147845204671224,0.5364666666666666,0.01,0.0,0.0,600.0,1016.7388446600002,600.0,0.78,1016.7388446600002
127488,83,43,2920,0.15377604166666667,-1.9304966926574707,0.13520534336566925,0.010806746,410,-0.015512916259467602,-0.014035566803067922,0.2,1e-05,0.014022994910677274,8.148060035705566,0.5298833333333333,0.02,0.0,0.0,600.0,1008.2540241900001,600.0,0.79,1008.2540241900001
129024,84,44,2926,0.11966145833333333,0.682593584060669,0.13520126044750214,0.016135357,415,0.009101241827011108,-0.02991421955327193,0.2,1e-05,0.11372223645448684,8.148489348093669,0.5298833333333333,0.02,0.0,0.0,600.0,1008.2540241900001,600.0,0.79,1008.2540241900001
130560,85,44,2932,0.11979166666666667,-3.006530284881592,0.1352013498544693,0.00762837,420,-0.006535906344652176,-0.010744718462228775,0.2,1e-05,0.012397098013510306,8.148790423075358,0.5283000000000001,0.02,0.0,0.0,600.0,1007.56618575,600.0,0.78,1007.56618575
132096,86,44,2937,0.149609375,0.7279270887374878,0.13519881665706635,0.020368706,425,-0.008215866982936859,-0.03563026084254185,0.2,1e-05,0.14615068187316257,8.14881518681844,0.5283000000000001,0.02,0.0,0.0,600.0,1007.56618575,600.0,0.78,1007.56618575
133632,87,45,2942,0.15481770833333333,0.3455432057380676,0.13519343733787537,0.013901132,430,-0.015730485320091248,-0.020205026927093663,0.2,1e-05,0.03098908215761185,8.149229431152344,0.5253333333333333,0.01,0.0,0.0,600.0,1003.0450478300002,600.0,0.78,1003.0450478300002
135168,88,45,2947,0.115625,0.8500847220420837,0.13518714904785156,0.012958505,435,-0.00022653862833976746,-0.02282753641096254,0.2,1e-05,0.05777644328773022,8.149904282887777,0.5253333333333333,0.01,0.0,0.0,600.0,1003.0450478300002,600.0,0.78,1003.0450478300002
136704,89,46,2952,0.137890625,0.7176848649978638,0.13518397510051727,0.016186317,440,-0.012098383158445358,-0.03166542217756311,0.2,1e-05,0.08040883466601371,8.150385665893555,0.5253333333333333,0.01,0.0,0.0,600.0,1003.0450478300002,600.0,0.78,1003.0450478300002
138240,90,46,2956,0.15286458333333333,-2.691178321838379,0.13518154621124268,0.0106169805,445,-0.012821996584534645,-0.012990108784288168,0.2,1e-05,0.01103878825282057,8.15067818959554,0.5216833333333334,0.01,0.0,0.0,600.0,996.6560175099999,600.0,0.77,996.6560175099999
139776,91,47,2959,0.09296875,0.6385645866394043,0.13517700135707855,0.013846059,450,-0.0013793297111988068,-0.025783624034374952,0.2,1e-05,0.08433056995272636,8.150936381022136,0.5216833333333334,0.01,0.0,0.0,600.0,996.6560175099999,600.0,0.77,996.6560175099999
141312,92,47,2962,0.139453125,-3.626664161682129,0.13517765700817108,0.010087081,455,-0.016199782490730286,-0.013339503342285753,0.2,1e-05,0.009649247769266367,8.151287333170574,0.5259333333333334,0.01,0.0,0.0,600.0,1003.10723459,600.0,0.76,1003.10723459
142848,93,48,2967,0.14205729166666667,0.6823937892913818,0.1351764053106308,0.016444594,460,-0.0031256936490535736,-0.023700775244894126,0.2,1e-05,0.07772396504878998,8.15118268330892,0.5259333333333334,0.01,0.0,0.0,600.0,1003.10723459,600.0,0.76,1003.10723459
144384,94,48,2972,0.10755208333333334,0.6521344184875488,0.13517160713672638,0.008200906,465,-0.025742460042238235,-0.018729798899342617,0.2,1e-05,0.026263426057994366,8.151550038655598,0.5250666666666667,0.01,0.0,0.0,600.0,1002.0034199099999,600.0,0.73,1002.0034199099999
145920,95,48,2978,0.15234375,0.8724826574325562,0.13517287373542786,0.02081484,470,-0.009745292365550995,-0.029682196645687022,0.2,1e-05,0.060976185152928034,8.151806163787843,0.5250666666666667,0.01,0.0,0.0,600.0,1002.0034199099999,600.0,0.73,1002.0034199099999
147456,96,49,2982,0.16627604166666668,0.7562412619590759,0.1351717710494995,0.020695852,475,-0.0070160143077373505,-0.032875634248678884,0.2,1e-05,0.09049065684278806,8.151708602905273,0.5250666666666667,0.01,0.0,0.0,600.0,1002.0034199099999,600.0,0.73,1002.0034199099999
148992,97,49,2986,0.14440104166666667,-2.1867661476135254,0.1351718157529831,0.012896314,480,-0.005734001751989126,-0.012443744981040557,0.2,1e-05,0.009712928192069132,8.151813888549805,0.5216833333333334,0.01,0.0,0.0,600.0,994.9009061600002,600.0,0.74,994.9009061600002
150528,98,50,2990,0.14778645833333334,0.6705752611160278,0.13517038524150848,0.019276882,485,0.016201864928007126,-0.03189426001626998,0.2,1e-05,0.11681339864929517,8.151830768585205,0.5216833333333334,0.01,0.0,0.0,600.0,994.9009061600002,600.0,0.74,994.9009061600002
152064,99,50,2996,0.13489583333333333,-3.3946962356567383,0.1351710855960846,0.008870448,490,-0.02234078012406826,-0.011716544752319653,0.2,1e-05,0.010174877848476172,8.151932080586752,0.5164,0.01,0.0,0.0,600.0,984.7467842200001,600.0,0.76,984.7467842200001
153600,100,51,2999,0.103515625,0.7139981985092163,0.13516707718372345,0.014670838,495,0.0034257955849170685,-0.024728451296687125,0.2,1e-05,0.12016669139266015,8.152041212717693,0.5164,0.01,0.0,0.0,600.0,984.7467842200001,600.0,0.76,984.7467842200001
155136,101,51,3004,0.14010416666666667,0.7227392792701721,0.13516439497470856,0.013321466,500,-0.016598502174019814,-0.026236246386542917,0.2,1e-05,0.043536761030554774,8.152443822224935,0.5140833333333333,0.01,0.0,0.0,600.0,977.4639371800002,600.0,0.75,977.4639371800002
156672,102,52,3010,0.133984375,0.8611854314804077,0.13516703248023987,0.014353813,505,-0.011768022552132607,-0.025083277824645242,0.2,1e-05,0.04480054763456186,8.152480665842692,0.5140833333333333,0.01,0.0,0.0,600.0,977.4639371800002,600.0,0.75,977.4639371800002
158208,103,52,3012,0.138671875,0.6808512806892395,0.13516531884670258,0.016435487,510,0.002097856253385544,-0.03066604258492589,0.2,1e-05,0.1075953317185243,8.152308940887451,0.5140833333333333,0.01,0.0,0.0,600.0,977.4639371800002,600.0,0.75,977.4639371800002
159744,104,52,3014,0.10690104166666667,-1.0547900199890137,0.13516849279403687,0.008054388,515,-0.009600951336324215,-0.012348552979528905,0.2,1e-05,0.013289401742319266,8.152337869008383,0.5052833333333333,0.01,0.0,0.0,600.0,960.7176608699999,600.0,0.77,960.7176608699999
161280,105,53,3017,0.13528645833333333,0.7575980424880981,0.13517244160175323,0.017018659,520,0.003476947546005249,-0.029611307972421248,0.2,1e-05,0.0992292935649554,8.151942793528239,0.5052833333333333,0.01,0.0,0.0,600.0,960.7176608699999,600.0,0.77,960.7176608699999
162816,106,53,3020,0.10520833333333333,0.5209532976150513,0.13517673313617706,0.0097937025,525,-0.019269900396466255,-0.016981239849701523,0.2,1e-05,0.021498121973127126,8.151534175872802,0.49834999999999996,0.01,0.0,0.0,600.0,948.3383487900002,600.0,0.78,948.3383487900002
164352,107,54,3025,0.11471354166666667,0.8139024972915649,0.13517507910728455,0.016551847,530,0.0009419843554496765,-0.027660007976616423,0.2,1e-05,0.08473146582643191,8.151312669118246,0.49834999999999996,0.01,0.0,0.0,600.0,948.3383487900002,600.0,0.78,948.3383487900002
165888,108,54,3028,0.176171875,0.5087817311286926,0.13517208397388458,0.01583983,535,-0.023270921781659126,-0.02419797725354632,0.2,1e-05,0.05644068730374177,8.151633803049723,0.49044999999999994,0.01,0.0,0.0,600.0,935.8342732100001,600.0,0.78,935.8342732100001
167424,109,55,3032,0.11875,0.8605411052703857,0.1351744681596756,0.016146684,540,-0.021586107090115547,-0.02410068331907193,0.2,1e-05,0.03561238006999095,8.151686636606852,0.49044999999999994,0.01,0.0,0.0,600.0,935.8342732100001,600.0,0.78,935.8342732100001
168960,110,55,3036,0.126953125,0.6506407260894775,0.13517305254936218,0.0142018935,545,-0.005386054515838623,-0.028869006255020698,0.2,1e-05,0.10481117367744446,8.151541264851888,0.49044999999999994,0.01,0.0,0.0,600.0,935.8342732100001,600.0,0.78,935.8342732100001
170496,111,56,3039,0.12395833333333334,-0.30813610553741455,0.1351679563522339,0.010747005,550,0.0013064518570899963,-0.014737613995869954,0.2,1e-05,0.017318891702840726,8.151879914601643,0.48713333333333325,0.01,0.0,0.0,600.0,928.1506517800001,600.0,0.79,928.1506517800001
172032,112,56,3043,0.11184895833333333,0.7131878137588501,0.1351650059223175,0.017662806,555,0.002029743045568466,-0.02885287186751763,0.2,1e-05,0.09203416332602501,8.152363300323486,0.48713333333333325,0.01,0.0,0.0,600.0,928.1506517800001,600.0,0.79,928.1506517800001
173568,113,56,3048,0.08541666666666667,0.46481776237487793,0.1351597160100937,0.008169547,560,-0.01970621570944786,-0.0158745345659554,0.2,1e-05,0.028161121780673662,8.152747917175294,0.48156666666666664,0.01,0.0,0.0,600.0,915.7277351400002,600.0,0.79,915.7277351400002
175104,114,57,3052,0.13463541666666667,0.6852037906646729,0.13515733182430267,0.018515142,565,-0.004504725337028503,-0.02833533277735114,0.2,1e-05,0.10561781202753386,8.153160158793131,0.48156666666666664,0.01,0.0,0.0,600.0,915.7277351400002,600.0,0.79,915.7277351400002
176640,115,57,3056,0.12122395833333334,0.7123636603355408,0.1351487636566162,0.01665564,570,-0.023603228852152824,-0.02428782774756352,0.2,1e-05,0.03854285515844822,8.153674666086832,0.47659999999999997,0.01,0.0,0.0,600.0,905.6077063000001,600.0,0.78,905.6077063000001
178176,116,58,3058,0.12018229166666666,0.83587247133255,0.13515006005764008,0.017064577,575,-0.013750715181231499,-0.02291465268159906,0.2,1e-05,0.03313408059378465,8.154210344950359,0.47659999999999997,0.01,0.0,0.0,600.0,905.6077063000001,600.0,0.78,905.6077063000001
179712,117,58,3061,0.15143229166666666,0.6487554907798767,0.13515245914459229,0.016525714,580,-0.006355121731758118,-0.03053977689705789,0.2,1e-05,0.10811886886755626,8.153903166453043,0.47659999999999997,0.01,0.0,0.0,600.0,905.6077063000001,600.0,0.78,905.6077063000001
181248,118,59,3063,0.1234375,0.5246611833572388,0.13515223562717438,0.011980259,585,-0.01605379953980446,-0.018854444955165188,0.2,1e-05,0.024943259110053382,8.153805224100749,0.4701166666666666,0.01,0.0,0.0,600.0,893.34700777,600.0,0.78,893.34700777
182784,119,59,3065,0.15846354166666668,0.6414278149604797,0.13514822721481323,0.022471929,590,0.004260264337062836,-0.03219946939498186,0.2,1e-05,0.13037690743803979,8.154010899861653,0.4701166666666666,0.01,0.0,0.0,600.0,893.34700777,600.0,0.78,893.34700777
184320,120,60,3067,0.13020833333333334,0.4358701705932617,0.13514141738414764,0.011260298,595,-0.013044308871030807,-0.020712178697188697,0.2,1e-05,0.0483109101653099,8.154557863871256,0.46431666666666666,0.01,0.0,0.0,600.0,879.8866307000001,600.0,0.78,879.8866307000001
185856,121,60,3068,0.13098958333333333,0.7926588654518127,0.13513684272766113,0.015056509,600,-0.015974465757608414,-0.026806309074163436,0.2,1e-05,0.06184299054245154,8.155219014485677,0.46431666666666666,0.01,0.0,0.0,600.0,879.8866307000001,600.0,0.78,879.8866307000001
187392,122,61,3070,0.1453125,0.6537057757377625,0.13513509929180145,0.016275281,605,-0.027649128809571266,-0.02474638239170114,0.2,1e-05,0.056000491976737975,8.15551201502482,0.46198333333333336,0.0,0.0,0.0,600.0,873.6297386299999,600.0,0.77,873.6297386299999
188928,123,61,3071,0.11575520833333333,0.6751872301101685,0.13513588905334473,0.013169139,610,-0.014179080724716187,-0.021462742534155647,0.2,1e-05,0.04985892027616501,8.155564435323079,0.46198333333333336,0.0,0.0,0.0,600.0,873.6297386299999,600.0,0.77,873.6297386299999
190464,124,62,3070,0.091796875,0.7383297681808472,0.13513751327991486,0.014080589,615,-0.02063746750354767,-0.025110522843897344,0.2,1e-05,0.059539684529105824,8.155442746480306,0.46198333333333336,0.0,0.0,0.0,600.0,873.6297386299999,600.0,0.77,873.6297386299999
192000,125,62,3074,0.13268229166666667,0.26317840814590454,0.1351362019777298,0.010538432,620,-0.015011236071586609,-0.01518523997316758,0.2,1e-05,0.017865907587110996,8.155372047424317,0.45968333333333333,0.0,0.0,0.0,600.0,866.0359618900001,600.0,0.77,866.0359618900001
193536,126,62,3076,0.1140625,0.5896227955818176,0.13514067232608795,0.016407808,625,0.0035682544112205505,-0.027963108445207278,0.2,1e-05,0.09336569185058276,8.155319849650065,0.45968333333333333,0.0,0.0,0.0,600.0,866.0359618900001,600.0,0.77,866.0359618900001
195072,127,63,3078,0.11145833333333334,0.4618675708770752,0.13514134287834167,0.0090819225,630,-0.008575123734772205,-0.014002363414814074,0.2,1e-05,0.022070393587152164,8.15496629079183,0.45704999999999996,0.0,0.0,0.0,600.0,858.7858145299999,600.0,0.78,858.7858145299999
196608,128,63,3082,0.15169270833333334,0.768538236618042,0.13513875007629395,0.015685402,635,-0.01593964174389839,-0.02640191335231066,0.2,1e-05,0.05147511996328831,8.155046749114991,0.45704999999999996,0.0,0.0,0.0,600.0,858.7858145299999,600.0,0.78,858.7858145299999
198144,129,64,3085,0.12994791666666666,0.44880056381225586,0.1351366639137268,0.011452239,640,-0.009753946214914322,-0.020522800258671245,0.2,1e-05,0.04632951878011227,8.155317656199138,0.4485666666666666,0.0,0.0,0.0,600.0,845.4777834899999,600.0,0.78,845.4777834899999
199680,130,64,3087,0.11354166666666667,0.6265910863876343,0.13513566553592682,0.0103432825,645,-0.017668208107352257,-0.020319637345770993,0.2,1e-05,0.04539889991283417,8.155497137705485,0.4485666666666666,0.0,0.0,0.0,600.0,845.4777834899999,600.0,0.78,845.4777834899999
201216,131,65,3089,0.13346354166666666,0.7880916595458984,0.13513724505901337,0.015702132,650,-0.0275686364620924,-0.028637745634963116,0.2,1e-05,0.058648369088768956,8.155480162302654,0.4485666666666666,0.0,0.0,0.0,600.0,845.4777834899999,600.0,0.78,845.4777834899999
